model,unique_id,mase,floor_mase,beats_floor,improvement
AutoARIMA,FOODS_1_017_WI_3,1.948700625634448,2.309613989663556,True,0.15626566415181908
AutoARIMA,FOODS_1_021_TX_2,0.27100708565138043,0.22766662926700043,False,-0.1903680680999218
AutoARIMA,FOODS_1_029_TX_2,1.2579635456977487,1.4880280721939558,True,0.15461034021824527
AutoARIMA,FOODS_1_042_TX_1,1.0603230409719857,1.2418820224517897,True,0.14619664202994143
AutoARIMA,FOODS_1_054_TX_3,0.7423014067860558,0.5238886750158667,False,-0.41690676318508735
AutoARIMA,FOODS_1_070_CA_2,1.3433830418574502,1.9001590499403846,True,0.2930154757836734
AutoARIMA,FOODS_1_071_TX_1,0.8564170973885643,1.0749993158291469,True,0.2033324256322806
AutoARIMA,FOODS_1_082_TX_3,0.8890274217312429,1.2001352662110596,True,0.25922731648576036
AutoARIMA,FOODS_1_105_CA_2,1.4250012652230555,1.9877052630040073,True,0.2830922714017171
AutoARIMA,FOODS_1_112_CA_1,0.747654088731948,1.117988648203754,True,0.33125073324028265
AutoARIMA,FOODS_1_130_WI_2,1.0681253471337906,1.6244320910928969,True,0.3424622962138296
AutoARIMA,FOODS_1_133_WI_3,1.49787843115617,1.9114204080310526,True,0.21635322880164853
AutoARIMA,FOODS_1_180_TX_2,0.7287450582020796,1.0713106855910004,True,0.3197631014012903
AutoARIMA,FOODS_1_193_CA_2,1.2091258798447053,1.4104952841064868,True,0.14276503192234635
AutoARIMA,FOODS_1_199_CA_1,1.0673512815522288,0.9002279186773869,False,-0.1856456119694434
AutoARIMA,FOODS_1_209_TX_1,0.9253690854754613,0.918992556038809,False,-0.006938608364944088
AutoARIMA,FOODS_1_219_TX_2,1.022082488961503,1.3366166213694237,True,0.2353211290202769
AutoARIMA,FOODS_2_010_WI_1,1.1159278600322386,1.4808653400004774,True,0.24643529030676148
AutoARIMA,FOODS_2_031_WI_2,0.7311628813245914,0.9256092789192683,True,0.21007395023277042
AutoARIMA,FOODS_2_034_CA_2,0.8979465056209768,1.1345208018798765,True,0.208523542157095
AutoARIMA,FOODS_2_070_WI_1,0.6436361733772987,0.535923833819242,False,-0.2009844174879265
AutoARIMA,FOODS_2_076_CA_4,1.3696611342322205,1.8629341805418715,True,0.26478286321751465
AutoARIMA,FOODS_2_081_TX_2,0.8842077277288711,1.018506520410011,True,0.13185854973915767
AutoARIMA,FOODS_2_100_CA_4,0.9261796770680643,1.121762288197178,True,0.1743529918833706
AutoARIMA,FOODS_2_103_WI_1,1.0958051755497478,1.3783297859733206,True,0.20497606109851674
AutoARIMA,FOODS_2_105_CA_3,0.7686204525145678,1.1604866701477512,True,0.3376740360001651
AutoARIMA,FOODS_2_106_TX_3,0.8785169487126046,1.0523332195753794,True,0.16517227398077428
AutoARIMA,FOODS_2_107_CA_1,0.7130928756120504,0.7607583427695114,True,0.06265520136649005
AutoARIMA,FOODS_2_113_WI_1,1.0305215913180374,1.197950340793057,True,0.1397626794481145
AutoARIMA,FOODS_2_117_TX_3,5.928086943514897,6.054725710327235,True,0.020915690135448473
AutoARIMA,FOODS_2_125_WI_2,0.9186269891823415,1.295182278956319,True,0.2907353628073204
AutoARIMA,FOODS_2_133_WI_3,1.2546840162478383,1.396537335933323,True,0.10157502849050748
AutoARIMA,FOODS_2_143_CA_3,1.1010724025734193,1.1515724114248216,True,0.043853090218546886
AutoARIMA,FOODS_2_152_WI_2,0.7060105732121158,0.8760791719030413,True,0.19412469117545417
AutoARIMA,FOODS_2_153_WI_1,1.1112230694806133,1.9011325084427342,True,0.41549415175123994
AutoARIMA,FOODS_2_166_CA_3,0.6606597515551957,0.6509559610260172,False,-0.014906984665880918
AutoARIMA,FOODS_2_183_TX_3,0.8819068871058346,0.8429068529188503,False,-0.04626849817620249
AutoARIMA,FOODS_2_223_TX_3,0.4500077315734762,0.54380081300813,True,0.17247690549747596
AutoARIMA,FOODS_2_225_CA_4,1.063982720543438,1.3209745267410922,True,0.19454713243537358
AutoARIMA,FOODS_2_243_CA_3,0.8535728997314465,0.6237572711821757,False,-0.3684375945048508
AutoARIMA,FOODS_2_251_WI_1,0.9072337763786757,1.0804689109150094,True,0.16033328935825386
AutoARIMA,FOODS_2_258_CA_1,0.9638365594140134,1.1973953809269249,True,0.19505572280737338
AutoARIMA,FOODS_2_263_WI_3,0.6557449596086997,0.5564707708914686,False,-0.1783996463249875
AutoARIMA,FOODS_2_267_WI_1,0.7493346109934053,1.0412657284158968,True,0.28036178417838986
AutoARIMA,FOODS_2_275_CA_3,0.6904144954920517,0.6327871669367273,False,-0.09106905380887187
AutoARIMA,FOODS_2_276_TX_2,0.6291933117926182,0.7826182011925313,True,0.19604053313113434
AutoARIMA,FOODS_2_276_WI_1,0.7164436709973615,1.0028957833196561,True,0.28562500419945713
AutoARIMA,FOODS_2_280_CA_4,1.530968785531803,1.7409860423331207,True,0.12063121225249485
AutoARIMA,FOODS_2_295_TX_2,0.9338166751800334,1.2978066594877116,True,0.28046549279640576
AutoARIMA,FOODS_2_300_CA_3,1.200953898016403,1.4197962332242506,True,0.1541364387978923
AutoARIMA,FOODS_2_315_WI_1,1.1285221040678217,1.4735073246537063,True,0.23412521594825508
AutoARIMA,FOODS_2_320_TX_1,0.7163545598423389,0.8966056223202681,True,0.2010371762018055
AutoARIMA,FOODS_2_349_TX_2,0.9076964467858708,1.1652341162304565,True,0.221017961847635
AutoARIMA,FOODS_2_359_WI_2,2.0466280321903376,2.37811082409462,True,0.13938912709439544
AutoARIMA,FOODS_2_375_CA_3,0.786517863242533,0.9140222406563014,True,0.13949811256476163
AutoARIMA,FOODS_2_391_WI_3,2.296834872601576,2.8976652969911596,True,0.2073498360951026
AutoARIMA,FOODS_3_002_CA_1,0.8467277791066278,0.6698861242169072,False,-0.2639876368486471
AutoARIMA,FOODS_3_007_TX_1,0.6586763729724314,0.779495610451866,True,0.1549966874212375
AutoARIMA,FOODS_3_012_TX_2,1.077673135357601,1.1803779425348777,True,0.08701010369332784
AutoARIMA,FOODS_3_021_WI_3,0.46361525517645835,0.5047400453601223,True,0.08147716940969518
AutoARIMA,FOODS_3_037_CA_1,2.139666522214312,2.248255177645887,True,0.04829907944225287
AutoARIMA,FOODS_3_050_TX_1,0.8628396750897284,0.7717855017684745,False,-0.1179786004176182
AutoARIMA,FOODS_3_053_TX_2,0.7645441757650322,1.114623849555419,True,0.314078757537819
AutoARIMA,FOODS_3_056_WI_3,1.662001532785509,2.4970407478615413,True,0.3344115292436286
AutoARIMA,FOODS_3_063_WI_3,1.1111751013565718,1.254425002555697,True,0.1141956680608851
AutoARIMA,FOODS_3_065_WI_3,0.8066480143094477,1.0477782342934883,True,0.23013478624761996
AutoARIMA,FOODS_3_068_CA_1,1.4466075478904474,1.4099656771021811,False,-0.025987775009937986
AutoARIMA,FOODS_3_068_TX_1,1.1499644874251918,1.2380188601982431,True,0.07112522725134518
AutoARIMA,FOODS_3_073_WI_3,0.6937815211218339,0.6937757909215956,False,-8.25944103732823e-06
AutoARIMA,FOODS_3_089_TX_1,0.584574016641396,0.6419999614439341,True,0.08944851752542227
AutoARIMA,FOODS_3_099_CA_1,0.9245723048600374,1.0751785363051451,True,0.14007555616080902
AutoARIMA,FOODS_3_122_WI_3,0.9866451905876636,1.288700195226314,True,0.23438733520607968
AutoARIMA,FOODS_3_143_WI_2,1.5055411805939414,1.5901433054391632,True,0.05320408830816448
AutoARIMA,FOODS_3_149_WI_1,2.1409993307735857,1.793281370497359,False,-0.19390039176049023
AutoARIMA,FOODS_3_158_WI_2,0.6954894516670587,0.7570647979295223,True,0.08133431435573879
AutoARIMA,FOODS_3_173_WI_1,0.9395302723694374,1.0292696110284172,True,0.08718739744906556
AutoARIMA,FOODS_3_177_TX_3,1.1123838630275436,0.9844007279824415,False,-0.13001121535881754
AutoARIMA,FOODS_3_181_WI_3,1.0469337810090606,1.4700484824711912,True,0.2878236374564078
AutoARIMA,FOODS_3_222_WI_3,1.2008936424264147,1.2175995500509524,True,0.013720362843299916
AutoARIMA,FOODS_3_234_TX_3,0.6886412508842767,0.536731719174649,False,-0.28302693185941075
AutoARIMA,FOODS_3_261_CA_3,4.57017094646195,5.87361016114674,True,0.2219144919264291
AutoARIMA,FOODS_3_271_TX_2,0.7738795782454356,0.5026064952818692,False,-0.539732545261741
AutoARIMA,FOODS_3_279_TX_2,1.0674009630316748,1.0321581579960788,False,-0.0341447720609207
AutoARIMA,FOODS_3_285_TX_3,1.09142621231723,1.2567573659905988,True,0.13155375742958297
AutoARIMA,FOODS_3_286_WI_1,1.1295689962086934,1.3326878130414441,True,0.1524129018402257
AutoARIMA,FOODS_3_304_CA_1,0.8401006304655098,1.1011984663224115,True,0.2371033413521454
AutoARIMA,FOODS_3_351_TX_3,1.1525350119569557,1.4581869548727324,True,0.20961094316088802
AutoARIMA,FOODS_3_354_CA_4,0.7914845943264823,0.857744689908799,True,0.07724920522604684
AutoARIMA,FOODS_3_387_WI_2,2.1725699940175396,2.446166487587402,True,0.1118470451451995
AutoARIMA,FOODS_3_392_CA_3,0.9278518441534811,1.3627520668984276,True,0.3191337832528577
AutoARIMA,FOODS_3_414_CA_4,1.5462636249800559,2.1983269409957016,True,0.2966179888239475
AutoARIMA,FOODS_3_427_TX_2,1.042662673186032,1.0458876796132561,True,0.0030835112508607043
AutoARIMA,FOODS_3_465_CA_2,1.5311555920494588,1.8325306783028574,True,0.16445841252300775
AutoARIMA,FOODS_3_491_CA_4,0.6471956357024475,0.9465134693516388,True,0.3162319854298786
AutoARIMA,FOODS_3_498_CA_1,0.7338896117356842,0.907634729634972,True,0.19142625576829098
AutoARIMA,FOODS_3_503_WI_2,0.7738177380730669,0.9330403133622442,True,0.1706491916897065
AutoARIMA,FOODS_3_519_CA_4,0.7630072287548951,1.055662596897488,True,0.277224341378282
AutoARIMA,FOODS_3_520_TX_2,0.9597115005321152,1.1130864296201903,True,0.1377924705635034
AutoARIMA,FOODS_3_533_WI_1,0.8401142490111247,0.8499372240654849,True,0.011557294793342665
AutoARIMA,FOODS_3_534_TX_3,0.9281568172778016,1.1948422609739744,True,0.22319719715871478
AutoARIMA,FOODS_3_556_WI_2,1.048485370566994,1.0504139185171408,True,0.001835988571885272
AutoARIMA,FOODS_3_558_CA_3,0.972152337172892,1.2048857032172535,True,0.1931580443048857
AutoARIMA,FOODS_3_565_CA_1,0.8153209716417681,1.039030729050423,True,0.2153061994741048
AutoARIMA,FOODS_3_565_TX_2,0.8113900122133675,1.1700383568883532,True,0.3065269976522731
AutoARIMA,FOODS_3_572_WI_3,2.059668639566226,2.176504982886698,True,0.05368071483370174
AutoARIMA,FOODS_3_593_WI_1,0.957635151860113,0.8372014130681893,False,-0.1438527657885289
AutoARIMA,FOODS_3_609_CA_3,1.0009268049681093,1.249926680538052,True,0.1992115853249541
AutoARIMA,FOODS_3_612_CA_1,0.9092612949030348,1.2336262229054007,True,0.2629361487132067
AutoARIMA,FOODS_3_622_WI_2,1.0057886457053993,1.3994384875348171,True,0.2812912788491706
AutoARIMA,FOODS_3_631_TX_3,0.8829530387450264,0.8428768253896604,False,-0.04754693942004984
AutoARIMA,FOODS_3_635_WI_3,1.6246667761680693,1.0197511915269593,False,-0.5931991937516827
AutoARIMA,FOODS_3_665_CA_1,0.749382166464606,0.7945683505761788,True,0.056868844673722774
AutoARIMA,FOODS_3_675_WI_2,1.1112773705602372,1.4259962107319906,True,0.22070103539069175
AutoARIMA,FOODS_3_678_CA_1,0.643940554393921,0.6873749149624085,True,0.06318874841521227
AutoARIMA,FOODS_3_681_CA_4,0.832501471387348,1.3919073745900747,True,0.40189879974411025
AutoARIMA,FOODS_3_684_WI_2,0.9042065241380158,1.0989794659097636,True,0.17723073798336142
AutoARIMA,FOODS_3_686_WI_2,1.0565436440017106,1.1081739247493831,True,0.04659041292579491
AutoARIMA,FOODS_3_709_CA_3,1.0759937059020634,1.1943238335526656,True,0.09907708807804194
AutoARIMA,FOODS_3_717_CA_1,0.864812669763157,1.098337534408787,True,0.2126166659426163
AutoARIMA,FOODS_3_731_WI_3,1.199563780364424,1.36799205498693,True,0.12312079884419747
AutoARIMA,FOODS_3_742_TX_2,1.124039677759078,1.5142096411750017,True,0.25767235447870895
AutoARIMA,FOODS_3_744_CA_4,0.6183096789260454,0.7837158581303644,True,0.21105376073276427
AutoARIMA,FOODS_3_752_TX_2,0.7922673477306175,1.0439632127330947,True,0.2410964887771645
AutoARIMA,FOODS_3_766_TX_1,0.8523763084523421,0.8365405151002924,False,-0.01893009730694417
AutoARIMA,FOODS_3_779_WI_2,1.3631246000062869,1.5127349955957201,True,0.09890059794016737
AutoARIMA,FOODS_3_795_CA_4,0.9231026655845972,1.1583239479958662,True,0.20307037838443143
AutoARIMA,FOODS_3_802_TX_3,1.6495746805170683,1.0493458646884246,False,-0.5720028410336051
AutoARIMA,FOODS_3_803_CA_3,0.8646869923419881,0.8517563304953832,False,-0.015181174924857155
AutoARIMA,FOODS_3_820_CA_1,0.6970484363371099,1.0441124956240388,True,0.3324010207152035
AutoARIMA,HOBBIES_1_003_WI_2,1.275712245745697,1.7027668023073133,True,0.250800377352284
AutoARIMA,HOBBIES_1_018_CA_1,0.5809236379894895,0.9103176354389946,True,0.3618451237524988
AutoARIMA,HOBBIES_1_018_TX_3,1.8983656486462488,1.9003781195124319,True,0.001058984443948141
AutoARIMA,HOBBIES_1_033_TX_3,1.156183798776094,1.2491418835706787,True,0.07441755497691227
AutoARIMA,HOBBIES_1_044_CA_4,0.7085813926659432,0.8459312973584081,True,0.16236531869830062
AutoARIMA,HOBBIES_1_062_TX_2,1.154841567696717,1.214349031914135,True,0.049003591762755816
AutoARIMA,HOBBIES_1_076_CA_3,1.7708362782118203,1.998728238708769,True,0.1140184823946716
AutoARIMA,HOBBIES_1_077_CA_1,2.682468986161234,2.80013272939927,True,0.042020773516432186
AutoARIMA,HOBBIES_1_085_TX_1,1.0543454581725633,1.096764071103889,True,0.038676151096590505
AutoARIMA,HOBBIES_1_102_WI_1,0.9101622907680597,1.1351594907236313,True,0.19820756624440716
AutoARIMA,HOBBIES_1_112_CA_1,8.253850359669197,9.273809523809524,True,0.10998275967623539
AutoARIMA,HOBBIES_1_112_CA_4,11.867620252862197,15.932589285714286,True,0.2551354936700013
AutoARIMA,HOBBIES_1_124_WI_3,0.9384687902193727,0.9547821449712431,True,0.01708594451393075
AutoARIMA,HOBBIES_1_130_CA_4,1.0442307281813148,1.608176965237747,True,0.35067424123504987
AutoARIMA,HOBBIES_1_148_CA_4,0.7745587006653069,0.8387487882791264,True,0.07653076643546552
AutoARIMA,HOBBIES_1_157_CA_4,0.9439657567531574,0.7986525134559983,False,-0.18194801975686148
AutoARIMA,HOBBIES_1_173_CA_3,0.786245036235723,0.8605150997062162,True,0.08630884396549154
AutoARIMA,HOBBIES_1_184_TX_1,1.1452677810385143,1.2707763601130107,True,0.0987652768920999
AutoARIMA,HOBBIES_1_192_CA_2,1.577657669750442,2.422352514588151,True,0.3487084723427729
AutoARIMA,HOBBIES_1_230_TX_2,1.1026635664195577,1.3145377942843806,True,0.16117773774634214
AutoARIMA,HOBBIES_1_240_TX_2,1.2170788923486904,1.5968757576114876,True,0.23783745444972804
AutoARIMA,HOBBIES_1_244_CA_3,0.7669196798606883,0.8075765186180079,True,0.05034425570829493
AutoARIMA,HOBBIES_1_268_TX_1,0.9179574595226394,1.1383874004391168,True,0.19363350370133192
AutoARIMA,HOBBIES_1_271_TX_1,1.0579615802826727,1.2546597739658645,True,0.15677412934141244
AutoARIMA,HOBBIES_1_278_TX_2,1.101793185863052,1.1865264116282859,True,0.0714128441936267
AutoARIMA,HOBBIES_1_279_TX_1,1.1462457368732424,1.5177325516290159,True,0.24476434557396065
AutoARIMA,HOBBIES_1_297_CA_1,1.2303839582724092,1.3871739399861744,True,0.11302835008227441
AutoARIMA,HOBBIES_1_299_TX_3,1.0913489609821456,1.1449239896560843,True,0.04679352442429974
AutoARIMA,HOBBIES_1_306_CA_2,0.9210970565966873,1.0858956106959226,True,0.15176279605147325
AutoARIMA,HOBBIES_1_307_WI_2,1.003643693280418,1.1471539794130654,True,0.12510115355749674
AutoARIMA,HOBBIES_1_308_WI_3,0.9336020855759243,1.0130969640761327,True,0.0784671964471848
AutoARIMA,HOBBIES_1_317_TX_1,0.9335323068949535,1.1105414037408396,True,0.15938991220825627
AutoARIMA,HOBBIES_1_320_CA_2,0.9654948890111195,1.1845626057517586,True,0.1849355328936897
AutoARIMA,HOBBIES_1_324_CA_1,1.1527234113819347,1.4640093442361788,True,0.2126256461953473
AutoARIMA,HOBBIES_1_335_TX_3,36.308087951414564,38.504464285714285,True,0.057042121609639174
AutoARIMA,HOBBIES_1_340_WI_1,1.0003478055271575,1.1300562454196017,True,0.1147805168266488
AutoARIMA,HOBBIES_1_341_WI_3,0.7031003089834587,0.9119652937997791,True,0.2290273393476051
AutoARIMA,HOBBIES_1_342_TX_3,1.0262048801033272,1.08397425715741,True,0.053294048887817635
AutoARIMA,HOBBIES_1_343_TX_2,0.9568072297177319,1.1633471521407601,True,0.17753937166817235
AutoARIMA,HOBBIES_1_345_WI_1,0.8458394021129255,1.0443373615035842,True,0.19007072494741684
AutoARIMA,HOBBIES_1_346_TX_2,0.9998228443912714,1.1507442426100525,True,0.1311511217092598
AutoARIMA,HOBBIES_1_355_TX_1,2.2972005590241764,2.5843932798898517,True,0.11112578070080559
AutoARIMA,HOBBIES_1_369_CA_1,1.0854287269491427,1.0404393066367692,False,-0.043240792639603676
AutoARIMA,HOBBIES_1_371_TX_3,0.5661518635302543,0.6552286046361631,True,0.13594757688482106
AutoARIMA,HOBBIES_1_373_WI_1,0.7363521788599032,0.9016229889029954,True,0.1833036780086732
AutoARIMA,HOBBIES_1_375_TX_1,1.7477009608242047,2.232178580214987,True,0.21704249995272373
AutoARIMA,HOBBIES_1_393_TX_1,0.7329768289425511,0.8828405831219025,True,0.1697517729071798
AutoARIMA,HOBBIES_1_398_WI_1,1.0166321249203811,1.3289470091160034,True,0.23500928332979176
AutoARIMA,HOBBIES_1_413_TX_3,1.4202075017612437,1.6953537856709213,True,0.16229431652272563
AutoARIMA,HOBBIES_1_417_WI_2,1.0451575988834965,1.3596495991422417,True,0.23130371270447025
AutoARIMA,HOBBIES_1_421_WI_3,1.8301749719447664,1.7754341919702934,False,-0.030832333984581073
AutoARIMA,HOBBIES_2_001_TX_1,0.8366596773597508,0.8464966035320918,True,0.011620750905904975
AutoARIMA,HOBBIES_2_003_CA_4,0.6254222984982641,0.9680456936673592,True,0.3539330812692274
AutoARIMA,HOBBIES_2_033_CA_1,0.9405439940987758,1.549983375857891,True,0.3931909149811367
AutoARIMA,HOBBIES_2_044_TX_2,1.1962161897642773,1.0995877634406797,False,-0.08787695674353557
AutoARIMA,HOBBIES_2_044_WI_2,0.8138817341436755,0.6540056120922759,False,-0.2444568044912161
AutoARIMA,HOBBIES_2_045_CA_3,1.4253199544270845,1.1178549013991357,False,-0.27504916124902956
AutoARIMA,HOBBIES_2_060_TX_3,0.7590134525250753,0.5034457350673434,False,-0.5076370692137178
AutoARIMA,HOBBIES_2_068_CA_3,1.0423431496764974,1.1170422846943366,True,0.06687225366609961
AutoARIMA,HOBBIES_2_071_TX_2,0.8773826498611856,1.2778539998587948,True,0.313393666288842
AutoARIMA,HOBBIES_2_080_TX_1,0.9971763466388555,0.5423422784639959,False,-0.8386476331202242
AutoARIMA,HOBBIES_2_081_TX_2,0.9024138933853608,1.0545577867078961,True,0.1442726944319438
AutoARIMA,HOBBIES_2_096_WI_2,0.8703453143610698,0.8053480168504726,False,-0.08070709326979708
AutoARIMA,HOBBIES_2_098_TX_3,1.4949886004501907,1.674494423824373,True,0.10720001262483125
AutoARIMA,HOBBIES_2_112_WI_3,1.0993940963234594,1.519452605690073,True,0.27645384120147676
AutoARIMA,HOBBIES_2_116_TX_1,1.1588763091348062,1.628599572005838,True,0.288421580691259
AutoARIMA,HOBBIES_2_148_WI_2,0.6076509005077351,0.4883599694025641,False,-0.2442684465950511
AutoARIMA,HOUSEHOLD_1_023_WI_1,0.9943877285528874,1.0346928609763553,True,0.038953716550663375
AutoARIMA,HOUSEHOLD_1_024_TX_1,0.7400650611043303,0.8489096529506406,True,0.12821693270654677
AutoARIMA,HOUSEHOLD_1_078_WI_2,0.8319400286364316,1.1843977495315212,True,0.2975839164119498
AutoARIMA,HOUSEHOLD_1_088_CA_3,0.8683890081314052,1.2551170001755145,True,0.30812106918321525
AutoARIMA,HOUSEHOLD_1_093_WI_2,0.7831081629495729,1.0378392685643085,True,0.24544369569588276
AutoARIMA,HOUSEHOLD_1_115_WI_1,0.8533658702122208,1.0312088376598953,True,0.17246067038297552
AutoARIMA,HOUSEHOLD_1_122_CA_3,0.9268810776074381,1.087519447018792,True,0.1477108017256249
AutoARIMA,HOUSEHOLD_1_130_CA_3,0.8588715162900077,1.0721711085027053,True,0.1989417458847329
AutoARIMA,HOUSEHOLD_1_140_TX_1,1.2342300676041935,1.4431196227048049,True,0.14474860698595082
AutoARIMA,HOUSEHOLD_1_147_CA_1,0.8503796884291364,1.1516735668516604,True,0.26161395650173136
AutoARIMA,HOUSEHOLD_1_157_CA_4,1.0137914902741252,1.1744505816508388,True,0.1367951056321901
AutoARIMA,HOUSEHOLD_1_162_WI_1,0.5973768962320023,0.5969313216542176,False,-0.0007464419467049233
AutoARIMA,HOUSEHOLD_1_165_WI_3,0.795926307125777,0.6096485075525331,False,-0.3055495047811505
AutoARIMA,HOUSEHOLD_1_166_WI_1,0.93017888542537,1.0876121020033231,True,0.1447512548710792
AutoARIMA,HOUSEHOLD_1_170_CA_4,1.016274830933858,0.9507294256920724,False,-0.06894222843063114
AutoARIMA,HOUSEHOLD_1_177_TX_2,1.0170115262509278,0.9263089193697007,False,-0.09791831319398825
AutoARIMA,HOUSEHOLD_1_195_CA_2,1.0686018153335248,0.9723311445203004,False,-0.0990101688666154
AutoARIMA,HOUSEHOLD_1_198_CA_1,0.6378002267723923,0.8158841054570883,True,0.21827104792650276
AutoARIMA,HOUSEHOLD_1_198_WI_1,0.9821024747842324,1.1996079598974962,True,0.1813138061636813
AutoARIMA,HOUSEHOLD_1_204_CA_2,1.0378746155316627,0.9612827631710311,False,-0.07967671458913328
AutoARIMA,HOUSEHOLD_1_204_TX_3,0.8359097962526971,0.5613175240483406,False,-0.4891924097148064
AutoARIMA,HOUSEHOLD_1_215_TX_3,0.7040021200794224,0.9404820317773199,True,0.25144543298822897
AutoARIMA,HOUSEHOLD_1_239_CA_3,0.9370032743018128,1.2038898798527558,True,0.22168689181404622
AutoARIMA,HOUSEHOLD_1_262_TX_1,0.8492286504203875,1.1656259327840521,True,0.27143981054707833
AutoARIMA,HOUSEHOLD_1_278_TX_2,0.7607065944753527,0.7150253409251681,False,-0.06388760081017253
AutoARIMA,HOUSEHOLD_1_295_CA_3,0.8499811215012392,0.9506467340315168,True,0.10589171447880896
AutoARIMA,HOUSEHOLD_1_312_WI_3,0.9134744550124492,0.6857054525450477,False,-0.3321674074808938
AutoARIMA,HOUSEHOLD_1_320_CA_4,1.4767565948330692,1.4078669626612172,False,-0.04893191899441507
AutoARIMA,HOUSEHOLD_1_323_CA_2,0.9568180494709153,0.9441404346531237,False,-0.013427679138060977
AutoARIMA,HOUSEHOLD_1_323_TX_1,1.1024148364457267,1.1773868578998226,True,0.06367662502011284
AutoARIMA,HOUSEHOLD_1_324_CA_4,0.9462921135015917,1.0710037724054677,True,0.11644371580855817
AutoARIMA,HOUSEHOLD_1_325_CA_1,0.657789307680587,0.7393887714704658,True,0.11036070189110014
AutoARIMA,HOUSEHOLD_1_342_WI_2,0.7603903643883965,0.8103338755551939,True,0.061633251025793534
AutoARIMA,HOUSEHOLD_1_357_CA_1,1.355862007744531,1.3214536072493939,False,-0.026038296241635006
AutoARIMA,HOUSEHOLD_1_360_WI_2,1.1763065220975808,1.2534064394917872,True,0.06151230356329407
AutoARIMA,HOUSEHOLD_1_375_CA_2,0.767682263846206,0.935506342519207,True,0.17939384378845658
AutoARIMA,HOUSEHOLD_1_379_CA_3,0.9266628778641617,1.495889513439765,True,0.38052719165513715
AutoARIMA,HOUSEHOLD_1_384_CA_4,1.0626613679877803,1.3191798095672218,True,0.1944529773114072
AutoARIMA,HOUSEHOLD_1_387_CA_2,0.7081268338477086,0.9995937183275139,True,0.2915853502635828
AutoARIMA,HOUSEHOLD_1_387_WI_3,0.5759269477193395,0.9216893276757678,True,0.37513983245128857
AutoARIMA,HOUSEHOLD_1_414_CA_2,1.512751596823857,1.5956826987289323,True,0.05197217590385328
AutoARIMA,HOUSEHOLD_1_422_TX_3,0.9494710541305532,1.3092475519509206,True,0.27479638765355063
AutoARIMA,HOUSEHOLD_1_425_WI_2,0.8880301976022715,1.0596177397617295,True,0.1619334366731553
AutoARIMA,HOUSEHOLD_1_434_WI_1,0.8384417758186389,1.0253640903125922,True,0.18229847939863808
AutoARIMA,HOUSEHOLD_1_454_CA_1,0.9135963160449478,1.1435237059260959,True,0.20106919400935264
AutoARIMA,HOUSEHOLD_1_465_CA_2,0.7697245127684219,1.0669110188886757,True,0.278548539530327
AutoARIMA,HOUSEHOLD_1_466_TX_1,0.7875205762199343,0.5999553454412628,False,-0.3126319853700421
AutoARIMA,HOUSEHOLD_1_468_CA_2,0.8782182914758017,1.0431591917356078,True,0.15811671082088397
AutoARIMA,HOUSEHOLD_1_503_CA_2,0.7187167730786493,0.9268699817864207,True,0.22457649163109505
AutoARIMA,HOUSEHOLD_1_510_TX_2,0.7662440962661151,0.8672041199659589,True,0.11642013843731147
AutoARIMA,HOUSEHOLD_1_537_TX_2,0.7656836163592782,0.8357743014677987,True,0.08386317332972104
AutoARIMA,HOUSEHOLD_2_014_WI_3,0.9316420433386376,1.0162146775856657,True,0.08322319694098168
AutoARIMA,HOUSEHOLD_2_020_CA_4,1.2369646543795902,1.2910088314104244,True,0.041861973145289055
AutoARIMA,HOUSEHOLD_2_029_TX_1,1.1643937455855986,1.162508413972711,False,-0.0016217788965884328
AutoARIMA,HOUSEHOLD_2_041_TX_2,0.6459542708534639,0.7024848842919823,True,0.08047235563722377
AutoARIMA,HOUSEHOLD_2_047_CA_1,1.1714007089248188,1.4737965033787037,True,0.20518151166774878
AutoARIMA,HOUSEHOLD_2_054_CA_4,0.70655954504271,0.7311473672042976,True,0.033629092115320836
AutoARIMA,HOUSEHOLD_2_055_TX_1,0.8132504927053505,0.739135559034087,False,-0.10027245038530963
AutoARIMA,HOUSEHOLD_2_058_TX_2,1.1927529004904243,1.6520049922328293,True,0.2779967941390332
AutoARIMA,HOUSEHOLD_2_060_CA_4,1.43515562404881,1.0014823843462823,False,-0.4330313208510481
AutoARIMA,HOUSEHOLD_2_070_CA_3,0.4623829612632101,0.4775699067489436,True,0.031800465798020316
AutoARIMA,HOUSEHOLD_2_075_WI_3,0.6632806351724506,0.7381011912531052,True,0.10136896805928286
AutoARIMA,HOUSEHOLD_2_076_CA_3,1.0278767150772543,1.336247345263478,True,0.23077361483956393
AutoARIMA,HOUSEHOLD_2_076_WI_3,1.3005931391721568,1.7365983392809572,True,0.25106853452902034
AutoARIMA,HOUSEHOLD_2_105_WI_1,0.92765855981837,0.6444457319243723,False,-0.4394673032410332
AutoARIMA,HOUSEHOLD_2_108_TX_1,0.1542839616754385,0.13856456043956045,False,-0.11344460074071105
AutoARIMA,HOUSEHOLD_2_116_CA_2,1.3294871784186197,1.710491757206281,True,0.22274563860509333
AutoARIMA,HOUSEHOLD_2_123_TX_1,2.560641556991397,3.183157136673551,True,0.1955654568573051
AutoARIMA,HOUSEHOLD_2_131_WI_2,1.1196791227299063,0.6373248484176279,False,-0.7568420963185167
AutoARIMA,HOUSEHOLD_2_148_CA_2,0.9960272722611473,1.0005110728216307,True,0.00448151018242926
AutoARIMA,HOUSEHOLD_2_155_CA_1,1.2857627331621893,1.8365560360530706,True,0.2999055253846691
AutoARIMA,HOUSEHOLD_2_213_WI_1,0.5904098836008755,0.8283762003364894,True,0.2872684133597164
AutoARIMA,HOUSEHOLD_2_230_WI_3,0.8245589027032879,0.32098237879154723,False,-1.5688603399589542
AutoARIMA,HOUSEHOLD_2_236_TX_2,0.9655915209824834,0.9474563464476558,False,-0.019140907760893278
AutoARIMA,HOUSEHOLD_2_263_TX_2,1.0198539927684536,1.2796079617770832,True,0.2029949615567339
AutoARIMA,HOUSEHOLD_2_269_TX_3,0.7518028967245575,0.3960814660787517,False,-0.8981016813724849
AutoARIMA,HOUSEHOLD_2_271_TX_3,1.5329106540657869,1.5347216334218432,True,0.001180005101002246
AutoARIMA,HOUSEHOLD_2_276_WI_3,0.6827250718134747,0.7670854491584608,True,0.10997520215972612
AutoARIMA,HOUSEHOLD_2_287_CA_3,0.915293924262808,0.8076517057183054,False,-0.13327801796539052
AutoARIMA,HOUSEHOLD_2_309_CA_1,0.754567400661115,0.730543437421725,False,-0.03288505790179541
AutoARIMA,HOUSEHOLD_2_325_WI_3,0.7427514405201479,0.6357313205812962,False,-0.16834174512747802
AutoARIMA,HOUSEHOLD_2_347_WI_2,0.814497754268338,0.5684830980724234,False,-0.43275632473522196
AutoARIMA,HOUSEHOLD_2_349_TX_2,1.105767453408539,1.2464763405259667,True,0.11288532525058093
AutoARIMA,HOUSEHOLD_2_361_CA_1,0.7580951601768386,0.6431350442511765,False,-0.17874957515262446
AutoARIMA,HOUSEHOLD_2_374_CA_4,0.4863282482117437,0.5420233353971826,True,0.10275403944486416
AutoARIMA,HOUSEHOLD_2_391_TX_3,0.9669733406650504,1.1306713479634372,True,0.1447794777794974
AutoARIMA,HOUSEHOLD_2_406_TX_3,0.885738109084671,1.0974530268989156,True,0.1929147878087225
AutoARIMA,HOUSEHOLD_2_414_WI_1,0.7122767677962984,0.4881672355659999,False,-0.4590835187258262
AutoARIMA,HOUSEHOLD_2_416_WI_2,1.3798591789823929,1.4273051637088348,True,0.03324165422561365
AutoARIMA,HOUSEHOLD_2_417_CA_1,0.5303229573805537,0.4631341931858523,False,-0.14507407395795324
AutoARIMA,HOUSEHOLD_2_421_WI_1,0.6546878927200255,0.753259157392115,True,0.13085969643350448
AutoARIMA,HOUSEHOLD_2_425_CA_2,1.0596880311633696,1.2535996302277201,True,0.1546838355632938
AutoARIMA,HOUSEHOLD_2_428_WI_2,1.159065599095337,2.0638947790110582,True,0.4384085802810558
AutoARIMA,HOUSEHOLD_2_433_WI_2,1.5238337441902565,1.4329689588319936,False,-0.06341015609460676
AutoARIMA,HOUSEHOLD_2_464_CA_2,1.0903409461816982,0.9863451877822447,False,-0.10543545980417224
AutoARIMA,HOUSEHOLD_2_466_WI_2,1.3825373434201476,1.5571849980662815,True,0.11215600899251665
AutoARIMA,HOUSEHOLD_2_467_TX_1,0.8371013007743802,1.0790627777740114,True,0.22423299365285432
AutoARIMA,HOUSEHOLD_2_471_WI_1,1.3414247506417332,1.6543033439963977,True,0.18913012204812774
AutoARIMA,HOUSEHOLD_2_472_TX_1,0.9147110916474868,1.0104267113227998,True,0.09472791900959054
AutoARIMA,HOUSEHOLD_2_474_TX_2,0.7399007286786881,0.5747030498245809,False,-0.28744875967602956
AutoARIMA,HOUSEHOLD_2_485_TX_1,0.8032806805248572,0.999923975576985,True,0.19665824588180203
AutoARIMA,HOUSEHOLD_2_485_TX_2,0.9373667279318731,0.9184232464984197,False,-0.02062609097241097
AutoARIMA,HOUSEHOLD_2_489_CA_2,1.157653710811973,1.056492841798884,False,-0.0957515896092993
AutoARIMA,HOUSEHOLD_2_508_CA_2,1.1151028504139213,1.3302226607419252,True,0.16171714456286723
AutoETS,FOODS_1_017_WI_3,1.9483701323239302,2.309613989663556,True,0.15640875876070037
AutoETS,FOODS_1_021_TX_2,0.2760501543982522,0.22766662926700043,False,-0.21251917897246608
AutoETS,FOODS_1_029_TX_2,1.257922870825499,1.4880280721939558,True,0.1546376749661642
AutoETS,FOODS_1_042_TX_1,1.0994468595021991,1.2418820224517897,True,0.11469299045684511
AutoETS,FOODS_1_054_TX_3,0.7376924439456665,0.5238886750158667,False,-0.40810916350372417
AutoETS,FOODS_1_070_CA_2,1.2625312826696293,1.9001590499403846,True,0.33556547136975723
AutoETS,FOODS_1_071_TX_1,0.7899383651042053,1.0749993158291469,True,0.2651731461848178
AutoETS,FOODS_1_082_TX_3,1.1502585595984613,1.2001352662110596,True,0.04155923754333435
AutoETS,FOODS_1_105_CA_2,1.425325226118848,1.9877052630040073,True,0.28292928904119197
AutoETS,FOODS_1_112_CA_1,0.7701928358575039,1.117988648203754,True,0.3110906473916756
AutoETS,FOODS_1_130_WI_2,1.0701618658471268,1.6244320910928969,True,0.3412086157894506
AutoETS,FOODS_1_133_WI_3,1.4985970251342033,1.9114204080310526,True,0.2159772811686662
AutoETS,FOODS_1_180_TX_2,0.7809709794967269,1.0713106855910004,True,0.27101354443608894
AutoETS,FOODS_1_193_CA_2,1.2118716220468144,1.4104952841064868,True,0.1408183808182638
AutoETS,FOODS_1_199_CA_1,1.0447477765038253,0.9002279186773869,False,-0.16053696494857284
AutoETS,FOODS_1_209_TX_1,0.8091673328281415,0.918992556038809,True,0.11950610751849189
AutoETS,FOODS_1_219_TX_2,1.0663798629137307,1.3366166213694237,True,0.20217970817901654
AutoETS,FOODS_2_010_WI_1,1.1161430523303884,1.4808653400004774,True,0.2462899750695573
AutoETS,FOODS_2_031_WI_2,0.669512384648772,0.9256092789192683,True,0.2766792642458298
AutoETS,FOODS_2_034_CA_2,0.8739263453926642,1.1345208018798765,True,0.22969561779335634
AutoETS,FOODS_2_070_WI_1,0.6634006890824526,0.535923833819242,False,-0.23786375454652076
AutoETS,FOODS_2_076_CA_4,1.5677275273309932,1.8629341805418715,True,0.15846327599454513
AutoETS,FOODS_2_081_TX_2,0.8902837551164897,1.018506520410011,True,0.12589292530194485
AutoETS,FOODS_2_100_CA_4,0.9249630266115937,1.121762288197178,True,0.17543758036461277
AutoETS,FOODS_2_103_WI_1,1.0681122808709063,1.3783297859733206,True,0.22506769298564588
AutoETS,FOODS_2_105_CA_3,0.7660736381098622,1.1604866701477512,True,0.3398686449260748
AutoETS,FOODS_2_106_TX_3,0.8920352038069231,1.0523332195753794,True,0.15232629055760227
AutoETS,FOODS_2_107_CA_1,0.7760089078933474,0.7607583427695114,False,-0.020046530240229732
AutoETS,FOODS_2_113_WI_1,1.0412877927656066,1.197950340793057,True,0.13077549435291114
AutoETS,FOODS_2_117_TX_3,6.00951672266923,6.054725710327235,True,0.007466727614249158
AutoETS,FOODS_2_125_WI_2,0.921524706912612,1.295182278956319,True,0.2884980578523719
AutoETS,FOODS_2_133_WI_3,1.2825208971927993,1.396537335933323,True,0.08164224171230283
AutoETS,FOODS_2_143_CA_3,1.0913753532740715,1.1515724114248216,True,0.05227379325306103
AutoETS,FOODS_2_152_WI_2,0.7096652966098758,0.8760791719030413,True,0.1899530095341465
AutoETS,FOODS_2_153_WI_1,1.5334146115312794,1.9011325084427342,True,0.19342044559148686
AutoETS,FOODS_2_166_CA_3,0.6580882299691441,0.6509559610260172,False,-0.010956607466786616
AutoETS,FOODS_2_183_TX_3,0.8154733726180927,0.8429068529188503,True,0.0325462774513694
AutoETS,FOODS_2_223_TX_3,0.4578662243440436,0.54380081300813,True,0.15802585543909742
AutoETS,FOODS_2_225_CA_4,1.0655758241034767,1.3209745267410922,True,0.19334112616667665
AutoETS,FOODS_2_243_CA_3,0.8677611580058627,0.6237572711821757,False,-0.3911840359972698
AutoETS,FOODS_2_251_WI_1,0.8479503476033092,1.0804689109150094,True,0.21520153052325097
AutoETS,FOODS_2_258_CA_1,0.962662064184025,1.1973953809269249,True,0.19603659783720617
AutoETS,FOODS_2_263_WI_3,0.6381091757581732,0.5564707708914686,False,-0.14670744473410435
AutoETS,FOODS_2_267_WI_1,0.7956527271042617,1.0412657284158968,True,0.23587927136072384
AutoETS,FOODS_2_275_CA_3,0.7160451523147371,0.6327871669367273,False,-0.13157344163766016
AutoETS,FOODS_2_276_TX_2,0.6530441920979347,0.7826182011925313,True,0.16556477845411133
AutoETS,FOODS_2_276_WI_1,0.679352754431285,1.0028957833196561,True,0.32260882363810606
AutoETS,FOODS_2_280_CA_4,1.4744696135106612,1.7409860423331207,True,0.15308361028862527
AutoETS,FOODS_2_295_TX_2,0.9491506790204804,1.2978066594877116,True,0.26865017059232654
AutoETS,FOODS_2_300_CA_3,1.3547359219924209,1.4197962332242506,True,0.04582369618215054
AutoETS,FOODS_2_315_WI_1,1.078674164749763,1.4735073246537063,True,0.2679546638811139
AutoETS,FOODS_2_320_TX_1,0.7298824810840968,0.8966056223202681,True,0.18594924801466128
AutoETS,FOODS_2_349_TX_2,0.8915409234424092,1.1652341162304565,True,0.23488257765181764
AutoETS,FOODS_2_359_WI_2,2.057923414294695,2.37811082409462,True,0.13463939802798075
AutoETS,FOODS_2_375_CA_3,0.8094167755200641,0.9140222406563014,True,0.11444520765832433
AutoETS,FOODS_2_391_WI_3,2.2892539266271803,2.8976652969911596,True,0.2099660616413268
AutoETS,FOODS_3_002_CA_1,0.7017268322119539,0.6698861242169072,False,-0.04753152340969624
AutoETS,FOODS_3_007_TX_1,0.5801825562745782,0.779495610451866,True,0.25569490258161687
AutoETS,FOODS_3_012_TX_2,1.0765504951389315,1.1803779425348777,True,0.08796118908573924
AutoETS,FOODS_3_021_WI_3,0.4455774938802991,0.5047400453601223,True,0.11721390451120606
AutoETS,FOODS_3_037_CA_1,2.105877150008925,2.248255177645887,True,0.06332823295709866
AutoETS,FOODS_3_050_TX_1,0.8450717665576366,0.7717855017684745,False,-0.09495677830334137
AutoETS,FOODS_3_053_TX_2,0.7638614122825392,1.114623849555419,True,0.31469130811509693
AutoETS,FOODS_3_056_WI_3,1.6596004964764355,2.4970407478615413,True,0.3353730819580286
AutoETS,FOODS_3_063_WI_3,1.1170244687171156,1.254425002555697,True,0.10953268115562842
AutoETS,FOODS_3_065_WI_3,0.788041336860736,1.0477782342934883,True,0.24789300725252383
AutoETS,FOODS_3_068_CA_1,1.404985002116769,1.4099656771021811,True,0.0035324795959917887
AutoETS,FOODS_3_068_TX_1,1.2524392718082749,1.2380188601982431,False,-0.011647974092836133
AutoETS,FOODS_3_073_WI_3,0.7124290328996833,0.6937757909215956,False,-0.026886556467052847
AutoETS,FOODS_3_089_TX_1,0.591889597665706,0.6419999614439341,True,0.07805353082190836
AutoETS,FOODS_3_099_CA_1,0.9178745453692937,1.0751785363051451,True,0.14630499551863008
AutoETS,FOODS_3_122_WI_3,1.0046044897205504,1.288700195226314,True,0.22045135599275079
AutoETS,FOODS_3_143_WI_2,1.5021577602259406,1.5901433054391632,True,0.05533183387450913
AutoETS,FOODS_3_149_WI_1,2.1617518022938462,1.793281370497359,False,-0.20547273721707904
AutoETS,FOODS_3_158_WI_2,0.7559192984456429,0.7570647979295223,True,0.0015130798407378965
AutoETS,FOODS_3_173_WI_1,0.9176431704917969,1.0292696110284172,True,0.10845209004576195
AutoETS,FOODS_3_177_TX_3,1.100157295021841,0.9844007279824415,False,-0.11759089946697432
AutoETS,FOODS_3_181_WI_3,1.0429294938728872,1.4700484824711912,True,0.290547552472763
AutoETS,FOODS_3_222_WI_3,1.149740400275875,1.2175995500509524,True,0.055731911014781255
AutoETS,FOODS_3_234_TX_3,0.5237065419653208,0.536731719174649,True,0.02426757492431686
AutoETS,FOODS_3_261_CA_3,4.8460130174228855,5.87361016114674,True,0.17495154011433922
AutoETS,FOODS_3_271_TX_2,0.5476751929895267,0.5026064952818692,False,-0.08966994682864637
AutoETS,FOODS_3_279_TX_2,1.0929246379951274,1.0321581579960788,False,-0.05887322551131691
AutoETS,FOODS_3_285_TX_3,1.1063912720380136,1.2567573659905988,True,0.11964608127366261
AutoETS,FOODS_3_286_WI_1,1.1098022410686235,1.3326878130414441,True,0.16724514908270516
AutoETS,FOODS_3_304_CA_1,0.8332726912145347,1.1011984663224115,True,0.24330380335767088
AutoETS,FOODS_3_351_TX_3,1.1850536222153787,1.4581869548727324,True,0.18731022914766937
AutoETS,FOODS_3_354_CA_4,0.781215101862909,0.857744689908799,True,0.08922187329895004
AutoETS,FOODS_3_387_WI_2,2.3119653207589588,2.446166487587402,True,0.05486182870602674
AutoETS,FOODS_3_392_CA_3,0.9547242944886075,1.3627520668984276,True,0.2994145320494549
AutoETS,FOODS_3_414_CA_4,1.5506905724610103,2.1983269409957016,True,0.29460420852657765
AutoETS,FOODS_3_427_TX_2,1.0442704955301116,1.0458876796132561,True,0.00154623112468677
AutoETS,FOODS_3_465_CA_2,1.4808920407298911,1.8325306783028574,True,0.191886903578949
AutoETS,FOODS_3_491_CA_4,0.6938100220403078,0.9465134693516388,True,0.2669834666847718
AutoETS,FOODS_3_498_CA_1,0.7315318664734459,0.907634729634972,True,0.19402393651502325
AutoETS,FOODS_3_503_WI_2,0.7274581019799566,0.9330403133622442,True,0.22033582947929087
AutoETS,FOODS_3_519_CA_4,0.7906630364930167,1.055662596897488,True,0.2510267591020888
AutoETS,FOODS_3_520_TX_2,0.9573420761380722,1.1130864296201903,True,0.13992116814797706
AutoETS,FOODS_3_533_WI_1,0.8382154809259601,0.8499372240654849,True,0.013791304590068942
AutoETS,FOODS_3_534_TX_3,0.955504563455987,1.1948422609739744,True,0.20030903269431688
AutoETS,FOODS_3_556_WI_2,0.9813994186526176,1.0504139185171408,True,0.06570219477094352
AutoETS,FOODS_3_558_CA_3,0.982896376651132,1.2048857032172535,True,0.18424098316825532
AutoETS,FOODS_3_565_CA_1,0.776775037288392,1.039030729050423,True,0.25240417287918726
AutoETS,FOODS_3_565_TX_2,0.7675437289411274,1.1700383568883532,True,0.34400122489799057
AutoETS,FOODS_3_572_WI_3,2.0725107924339863,2.176504982886698,True,0.04778035946179371
AutoETS,FOODS_3_593_WI_1,0.9202315379249906,0.8372014130681893,False,-0.09917580591808983
AutoETS,FOODS_3_609_CA_3,1.0001432026102113,1.249926680538052,True,0.19983850398354341
AutoETS,FOODS_3_612_CA_1,0.9406049698765555,1.2336262229054007,True,0.23752839197818776
AutoETS,FOODS_3_622_WI_2,1.0310396538396907,1.3994384875348171,True,0.2632476075058361
AutoETS,FOODS_3_631_TX_3,0.908003811323131,0.8428768253896604,False,-0.07726750098196455
AutoETS,FOODS_3_635_WI_3,1.0594577322919332,1.0197511915269593,False,-0.03893747915657553
AutoETS,FOODS_3_665_CA_1,0.7481992989644661,0.7945683505761788,True,0.058357536614802585
AutoETS,FOODS_3_675_WI_2,1.1217334532652627,1.4259962107319906,True,0.21336855959143397
AutoETS,FOODS_3_678_CA_1,0.5112441560920087,0.6873749149624085,True,0.2562368149265851
AutoETS,FOODS_3_681_CA_4,1.00693706703762,1.3919073745900747,True,0.27657753280158515
AutoETS,FOODS_3_684_WI_2,0.881181396316562,1.0989794659097636,True,0.19818211017519127
AutoETS,FOODS_3_686_WI_2,1.0520469489875242,1.1081739247493831,True,0.05064816497514346
AutoETS,FOODS_3_709_CA_3,1.0881008048120153,1.1943238335526656,True,0.08893988862692004
AutoETS,FOODS_3_717_CA_1,0.8647428772557129,1.098337534408787,True,0.21268020971241175
AutoETS,FOODS_3_731_WI_3,1.2027990933363268,1.36799205498693,True,0.12075579024629746
AutoETS,FOODS_3_742_TX_2,1.1897674157087856,1.5142096411750017,True,0.2142650638616026
AutoETS,FOODS_3_744_CA_4,0.6105285956913423,0.7837158581303644,True,0.2209822101241874
AutoETS,FOODS_3_752_TX_2,0.8282973397297088,1.0439632127330947,True,0.2065837860692168
AutoETS,FOODS_3_766_TX_1,0.849848435628745,0.8365405151002924,False,-0.015908279740470377
AutoETS,FOODS_3_779_WI_2,1.282901301197553,1.5127349955957201,True,0.15193255597796085
AutoETS,FOODS_3_795_CA_4,0.9781486790020182,1.1583239479958662,True,0.15554825513673232
AutoETS,FOODS_3_802_TX_3,0.9266851842525651,1.0493458646884246,True,0.11689251805674228
AutoETS,FOODS_3_803_CA_3,0.8054482387415156,0.8517563304953832,True,0.054367769391199916
AutoETS,FOODS_3_820_CA_1,0.6789544078724241,1.0441124956240388,True,0.3497305982660127
AutoETS,HOBBIES_1_003_WI_2,1.2598955150452547,1.7027668023073133,True,0.26008921871271584
AutoETS,HOBBIES_1_018_CA_1,0.6605263284595345,0.9103176354389946,True,0.27440016237738807
AutoETS,HOBBIES_1_018_TX_3,1.9044448211143183,1.9003781195124319,False,-0.0021399433934388146
AutoETS,HOBBIES_1_033_TX_3,1.171382497375263,1.2491418835706787,True,0.06225024332155138
AutoETS,HOBBIES_1_044_CA_4,0.7186872796362513,0.8459312973584081,True,0.1504188556677144
AutoETS,HOBBIES_1_062_TX_2,1.154681988634696,1.214349031914135,True,0.04913500296153572
AutoETS,HOBBIES_1_076_CA_3,1.85521154585356,1.998728238708769,True,0.07180400520479191
AutoETS,HOBBIES_1_077_CA_1,2.6716783986562698,2.80013272939927,True,0.04587437209469647
AutoETS,HOBBIES_1_085_TX_1,1.0718182821093019,1.096764071103889,True,0.02274489988487627
AutoETS,HOBBIES_1_102_WI_1,0.9090672302676588,1.1351594907236313,True,0.19917224170133596
AutoETS,HOBBIES_1_112_CA_1,8.015182885286285,9.273809523809524,True,0.1357184051809398
AutoETS,HOBBIES_1_112_CA_4,13.70715873934716,15.932589285714286,True,0.13967789581838563
AutoETS,HOBBIES_1_124_WI_3,0.8939337485621336,0.9547821449712431,True,0.06373013648149262
AutoETS,HOBBIES_1_130_CA_4,1.069176585962602,1.608176965237747,True,0.33516235521720783
AutoETS,HOBBIES_1_148_CA_4,0.7862713840256768,0.8387487882791264,True,0.06256629516105561
AutoETS,HOBBIES_1_157_CA_4,0.9427942704908261,0.7986525134559983,False,-0.18048119126437734
AutoETS,HOBBIES_1_173_CA_3,0.7683521995758139,0.8605150997062162,True,0.10710201385410567
AutoETS,HOBBIES_1_184_TX_1,1.075168715479922,1.2707763601130107,True,0.15392767033822774
AutoETS,HOBBIES_1_192_CA_2,1.5776202743185919,2.422352514588151,True,0.3487239099934142
AutoETS,HOBBIES_1_230_TX_2,1.0863634108919538,1.3145377942843806,True,0.1735776516921237
AutoETS,HOBBIES_1_240_TX_2,1.2318792083149082,1.5968757576114876,True,0.2285691592203264
AutoETS,HOBBIES_1_244_CA_3,0.7913646289831854,0.8075765186180079,True,0.020074741230175608
AutoETS,HOBBIES_1_268_TX_1,0.9280229519193283,1.1383874004391168,True,0.18479161701775992
AutoETS,HOBBIES_1_271_TX_1,1.072398411051727,1.2546597739658645,True,0.14526755913918077
AutoETS,HOBBIES_1_278_TX_2,1.119955165696695,1.1865264116282859,True,0.05610599585409504
AutoETS,HOBBIES_1_279_TX_1,1.1532902764449757,1.5177325516290159,True,0.24012285615991846
AutoETS,HOBBIES_1_297_CA_1,1.2313437922408412,1.3871739399861744,True,0.11233641524932791
AutoETS,HOBBIES_1_299_TX_3,1.0850413352082664,1.1449239896560843,True,0.05230273362147442
AutoETS,HOBBIES_1_306_CA_2,0.8947750995355479,1.0858956106959226,True,0.17600265557560402
AutoETS,HOBBIES_1_307_WI_2,0.9603148575816957,1.1471539794130654,True,0.16287187699681338
AutoETS,HOBBIES_1_308_WI_3,1.0164682063328112,1.0130969640761327,False,-0.003327660013030309
AutoETS,HOBBIES_1_317_TX_1,0.8979159631057143,1.1105414037408396,True,0.19146106567382382
AutoETS,HOBBIES_1_320_CA_2,0.9651331768455103,1.1845626057517586,True,0.18524088793685323
AutoETS,HOBBIES_1_324_CA_1,1.0912485384774349,1.4640093442361788,True,0.2546164115866524
AutoETS,HOBBIES_1_335_TX_3,36.093366518412985,38.504464285714285,True,0.062618655058028
AutoETS,HOBBIES_1_340_WI_1,0.9991260377875075,1.1300562454196017,True,0.11586167340146725
AutoETS,HOBBIES_1_341_WI_3,0.7154329898174184,0.9119652937997791,True,0.21550414836894993
AutoETS,HOBBIES_1_342_TX_3,1.026304372317627,1.08397425715741,True,0.053202264222597995
AutoETS,HOBBIES_1_343_TX_2,0.9453892128491033,1.1633471521407601,True,0.1873541692955336
AutoETS,HOBBIES_1_345_WI_1,0.8040032795722284,1.0443373615035842,True,0.23013069415168197
AutoETS,HOBBIES_1_346_TX_2,0.9892967022258683,1.1507442426100525,True,0.14029836900856274
AutoETS,HOBBIES_1_355_TX_1,2.319760491468126,2.5843932798898517,True,0.10239648527216594
AutoETS,HOBBIES_1_369_CA_1,1.0798674218127493,1.0404393066367692,False,-0.037895641701034766
AutoETS,HOBBIES_1_371_TX_3,0.5923092140632048,0.6552286046361631,True,0.09602662357498315
AutoETS,HOBBIES_1_373_WI_1,0.7040751103986923,0.9016229889029954,True,0.21910253058726858
AutoETS,HOBBIES_1_375_TX_1,1.7360654252368037,2.232178580214987,True,0.22225513647317652
AutoETS,HOBBIES_1_393_TX_1,0.7339167400811785,0.8828405831219025,True,0.16868712867061375
AutoETS,HOBBIES_1_398_WI_1,0.9822935953781173,1.3289470091160034,True,0.26084818383275865
AutoETS,HOBBIES_1_413_TX_3,1.4085456588937388,1.6953537856709213,True,0.16917302406216095
AutoETS,HOBBIES_1_417_WI_2,1.0449067051238008,1.3596495991422417,True,0.2314882409534058
AutoETS,HOBBIES_1_421_WI_3,1.8131065162315994,1.7754341919702934,False,-0.02121865424902003
AutoETS,HOBBIES_2_001_TX_1,0.8364596130681614,0.8464966035320918,True,0.011857094785791222
AutoETS,HOBBIES_2_003_CA_4,0.6293377481679627,0.9680456936673592,True,0.3498883861734151
AutoETS,HOBBIES_2_033_CA_1,0.9811266174026182,1.549983375857891,True,0.36700829655054823
AutoETS,HOBBIES_2_044_TX_2,1.193067791045432,1.0995877634406797,False,-0.08501370305563172
AutoETS,HOBBIES_2_044_WI_2,0.761337978802945,0.6540056120922759,False,-0.16411536036716012
AutoETS,HOBBIES_2_045_CA_3,1.4040271204237804,1.1178549013991357,False,-0.2560012204325126
AutoETS,HOBBIES_2_060_TX_3,0.7179311814572816,0.5034457350673434,False,-0.42603488608607964
AutoETS,HOBBIES_2_068_CA_3,1.0400542605428014,1.1170422846943366,True,0.06892131587713535
AutoETS,HOBBIES_2_071_TX_2,0.8786398576984863,1.2778539998587948,True,0.3124098231913993
AutoETS,HOBBIES_2_080_TX_1,0.9969378483815523,0.5423422784639959,False,-0.8382078771454942
AutoETS,HOBBIES_2_081_TX_2,0.8580943978474519,1.0545577867078961,True,0.1862993107980938
AutoETS,HOBBIES_2_096_WI_2,0.8671826354593307,0.8053480168504726,False,-0.0767799973614871
AutoETS,HOBBIES_2_098_TX_3,1.4979765518762909,1.674494423824373,True,0.10541562243302882
AutoETS,HOBBIES_2_112_WI_3,1.0080641843040767,1.519452605690073,True,0.33656095588038737
AutoETS,HOBBIES_2_116_TX_1,1.5340018855603714,1.628599572005838,True,0.05808529491933789
AutoETS,HOBBIES_2_148_WI_2,0.5474546034062312,0.4883599694025641,False,-0.12100630212578767
AutoETS,HOUSEHOLD_1_023_WI_1,0.9870862454240811,1.0346928609763553,True,0.04601038370686317
AutoETS,HOUSEHOLD_1_024_TX_1,0.7322169344057419,0.8489096529506406,True,0.13746188200275267
AutoETS,HOUSEHOLD_1_078_WI_2,0.8270487197143643,1.1843977495315212,True,0.30171370213976123
AutoETS,HOUSEHOLD_1_088_CA_3,0.8572727823371507,1.2551170001755145,True,0.3169777939289562
AutoETS,HOUSEHOLD_1_093_WI_2,0.7848859463229594,1.0378392685643085,True,0.24373072970275178
AutoETS,HOUSEHOLD_1_115_WI_1,0.8412451209759887,1.0312088376598953,True,0.1842145933456002
AutoETS,HOUSEHOLD_1_122_CA_3,0.8798371351957772,1.087519447018792,True,0.19096882579188135
AutoETS,HOUSEHOLD_1_130_CA_3,0.8330051912555128,1.0721711085027053,True,0.2230669296631108
AutoETS,HOUSEHOLD_1_140_TX_1,1.1869469570536149,1.4431196227048049,True,0.17751311923196755
AutoETS,HOUSEHOLD_1_147_CA_1,0.8477448600828775,1.1516735668516604,True,0.26390178216874016
AutoETS,HOUSEHOLD_1_157_CA_4,1.0141930186979886,1.1744505816508388,True,0.13645321945142042
AutoETS,HOUSEHOLD_1_162_WI_1,0.5756770993355574,0.5969313216542176,True,0.035605808486913304
AutoETS,HOUSEHOLD_1_165_WI_3,0.780661373349822,0.6096485075525331,False,-0.2805105953327587
AutoETS,HOUSEHOLD_1_166_WI_1,0.9129409228294952,1.0876121020033231,True,0.160600621170078
AutoETS,HOUSEHOLD_1_170_CA_4,1.0054394450145978,0.9507294256920724,False,-0.057545309784326815
AutoETS,HOUSEHOLD_1_177_TX_2,0.940085917239488,0.9263089193697007,False,-0.014873005734589828
AutoETS,HOUSEHOLD_1_195_CA_2,1.0270901338167855,0.9723311445203004,False,-0.0563172223836359
AutoETS,HOUSEHOLD_1_198_CA_1,0.6222778451360335,0.8158841054570883,True,0.2372962765497062
AutoETS,HOUSEHOLD_1_198_WI_1,0.932569593902453,1.1996079598974962,True,0.22260469663594185
AutoETS,HOUSEHOLD_1_204_CA_2,0.9294726228620968,0.9612827631710311,True,0.03309134578050754
AutoETS,HOUSEHOLD_1_204_TX_3,0.8360426873847018,0.5613175240483406,False,-0.4894291583041721
AutoETS,HOUSEHOLD_1_215_TX_3,0.7136325261302018,0.9404820317773199,True,0.24120557116696706
AutoETS,HOUSEHOLD_1_239_CA_3,0.8974058402018895,1.2038898798527558,True,0.2545781344123861
AutoETS,HOUSEHOLD_1_262_TX_1,0.8340353487176548,1.1656259327840521,True,0.28447426806506104
AutoETS,HOUSEHOLD_1_278_TX_2,0.7574068276397847,0.7150253409251681,False,-0.059272705859318764
AutoETS,HOUSEHOLD_1_295_CA_3,0.8456695534133432,0.9506467340315168,True,0.11042711962306417
AutoETS,HOUSEHOLD_1_312_WI_3,0.8536417600606625,0.6857054525450477,False,-0.2449102699888217
AutoETS,HOUSEHOLD_1_320_CA_4,1.4745199099141668,1.4078669626612172,False,-0.047343214252971055
AutoETS,HOUSEHOLD_1_323_CA_2,0.8880521085757662,0.9441404346531237,True,0.059406761980238976
AutoETS,HOUSEHOLD_1_323_TX_1,1.070477304544054,1.1773868578998226,True,0.09080240078988955
AutoETS,HOUSEHOLD_1_324_CA_4,0.9895619446322419,1.0710037724054677,True,0.07604252185807714
AutoETS,HOUSEHOLD_1_325_CA_1,0.6547678846939801,0.7393887714704658,True,0.11444708121303382
AutoETS,HOUSEHOLD_1_342_WI_2,0.7359599830214427,0.8103338755551939,True,0.09178178868900733
AutoETS,HOUSEHOLD_1_357_CA_1,1.3560047451113715,1.3214536072493939,False,-0.026146311661970456
AutoETS,HOUSEHOLD_1_360_WI_2,1.2176332815216033,1.2534064394917872,True,0.028540748509867764
AutoETS,HOUSEHOLD_1_375_CA_2,0.7843762070110336,0.935506342519207,True,0.16154902285450878
AutoETS,HOUSEHOLD_1_379_CA_3,0.9305672327660189,1.495889513439765,True,0.37791713598807164
AutoETS,HOUSEHOLD_1_384_CA_4,1.0605679737214813,1.3191798095672218,True,0.1960398680833224
AutoETS,HOUSEHOLD_1_387_CA_2,0.6862793259326968,0.9995937183275139,True,0.31344173802837016
AutoETS,HOUSEHOLD_1_387_WI_3,0.5694488869508008,0.9216893276757678,True,0.3821682970043875
AutoETS,HOUSEHOLD_1_414_CA_2,1.4357813126263463,1.5956826987289323,True,0.10020876094599385
AutoETS,HOUSEHOLD_1_422_TX_3,0.9403361813618742,1.3092475519509206,True,0.2817735805878181
AutoETS,HOUSEHOLD_1_425_WI_2,0.8791814982944712,1.0596177397617295,True,0.17028427771304766
AutoETS,HOUSEHOLD_1_434_WI_1,0.8581554953197953,1.0253640903125922,True,0.16307241161704988
AutoETS,HOUSEHOLD_1_454_CA_1,0.8801300371310256,1.1435237059260959,True,0.23033511892239955
AutoETS,HOUSEHOLD_1_465_CA_2,0.7441468901276873,1.0669110188886757,True,0.30252206889491917
AutoETS,HOUSEHOLD_1_466_TX_1,0.7862656164785562,0.5999553454412628,False,-0.3105402301237328
AutoETS,HOUSEHOLD_1_468_CA_2,0.87266312248823,1.0431591917356078,True,0.16344204278515395
AutoETS,HOUSEHOLD_1_503_CA_2,0.6411644942243133,0.9268699817864207,True,0.3082476433333695
AutoETS,HOUSEHOLD_1_510_TX_2,0.76538865740423,0.8672041199659589,True,0.11740657155287215
AutoETS,HOUSEHOLD_1_537_TX_2,0.6859841673508213,0.8357743014677987,True,0.17922318723357944
AutoETS,HOUSEHOLD_2_014_WI_3,0.9306882987672098,1.0162146775856657,True,0.08416172360514462
AutoETS,HOUSEHOLD_2_020_CA_4,1.326732153232689,1.2910088314104244,False,-0.027670857823053785
AutoETS,HOUSEHOLD_2_029_TX_1,1.1640518940002205,1.162508413972711,False,-0.0013277151450756808
AutoETS,HOUSEHOLD_2_041_TX_2,0.6477026199982234,0.7024848842919823,True,0.07798354885453884
AutoETS,HOUSEHOLD_2_047_CA_1,1.1010705641756007,1.4737965033787037,True,0.2529019022291221
AutoETS,HOUSEHOLD_2_054_CA_4,0.7184504251238087,0.7311473672042976,True,0.017365776928170318
AutoETS,HOUSEHOLD_2_055_TX_1,0.8083163453750551,0.739135559034087,False,-0.09359688557180856
AutoETS,HOUSEHOLD_2_058_TX_2,1.348288248489424,1.6520049922328293,True,0.1838473522606644
AutoETS,HOUSEHOLD_2_060_CA_4,1.4347594763856222,1.0014823843462823,False,-0.4326357595617236
AutoETS,HOUSEHOLD_2_070_CA_3,0.4715039817927026,0.4775699067489436,True,0.012701648220539652
AutoETS,HOUSEHOLD_2_075_WI_3,0.6631203484830915,0.7381011912531052,True,0.10158612891914676
AutoETS,HOUSEHOLD_2_076_CA_3,1.1007786745414911,1.336247345263478,True,0.17621638056505007
AutoETS,HOUSEHOLD_2_076_WI_3,1.3539404421561536,1.7365983392809572,True,0.22034910921499784
AutoETS,HOUSEHOLD_2_105_WI_1,0.9269440105020271,0.6444457319243723,False,-0.43835852203426007
AutoETS,HOUSEHOLD_2_108_TX_1,0.16426361367945197,0.13856456043956045,False,-0.18546627765691226
AutoETS,HOUSEHOLD_2_116_CA_2,1.2933773713416676,1.710491757206281,True,0.24385641386888623
AutoETS,HOUSEHOLD_2_123_TX_1,2.5572083940933465,3.183157136673551,True,0.19664399704575397
AutoETS,HOUSEHOLD_2_131_WI_2,1.1194064762340383,0.6373248484176279,False,-0.7564142980041328
AutoETS,HOUSEHOLD_2_148_CA_2,1.0345682619726975,1.0005110728216307,False,-0.03403979233834864
AutoETS,HOUSEHOLD_2_155_CA_1,1.3105286954422868,1.8365560360530706,True,0.2864205231337593
AutoETS,HOUSEHOLD_2_213_WI_1,0.6013215268358323,0.8283762003364894,True,0.27409608509808303
AutoETS,HOUSEHOLD_2_230_WI_3,0.8326634508197318,0.32098237879154723,False,-1.594109539453819
AutoETS,HOUSEHOLD_2_236_TX_2,0.9594022302347119,0.9474563464476558,False,-0.01260837381251978
AutoETS,HOUSEHOLD_2_263_TX_2,1.053384612285712,1.2796079617770832,True,0.17679113935583723
AutoETS,HOUSEHOLD_2_269_TX_3,0.732973520992076,0.3960814660787517,False,-0.8505625326238846
AutoETS,HOUSEHOLD_2_271_TX_3,1.5576236462095212,1.5347216334218432,False,-0.014922584193079569
AutoETS,HOUSEHOLD_2_276_WI_3,0.6842909992984213,0.7670854491584608,True,0.10793380313871159
AutoETS,HOUSEHOLD_2_287_CA_3,0.9160042978893788,0.8076517057183054,False,-0.13415757238413462
AutoETS,HOUSEHOLD_2_309_CA_1,0.7542156491865177,0.730543437421725,False,-0.0324035650068093
AutoETS,HOUSEHOLD_2_325_WI_3,0.6908384936918309,0.6357313205812962,False,-0.08668311805079254
AutoETS,HOUSEHOLD_2_347_WI_2,0.8420015828818079,0.5684830980724234,False,-0.4811374088988991
AutoETS,HOUSEHOLD_2_349_TX_2,1.114130690105952,1.2464763405259667,True,0.10617582228971123
AutoETS,HOUSEHOLD_2_361_CA_1,0.7721585041254994,0.6431350442511765,False,-0.20061643511363791
AutoETS,HOUSEHOLD_2_374_CA_4,0.48844560920822155,0.5420233353971826,True,0.09884763752782066
AutoETS,HOUSEHOLD_2_391_TX_3,0.9666816698089463,1.1306713479634372,True,0.14503744032239674
AutoETS,HOUSEHOLD_2_406_TX_3,0.8859155460412964,1.0974530268989156,True,0.19275310712419536
AutoETS,HOUSEHOLD_2_414_WI_1,0.7121211835831573,0.4881672355659999,False,-0.4587648078378235
AutoETS,HOUSEHOLD_2_416_WI_2,1.3823919224617112,1.4273051637088348,True,0.03146716090511237
AutoETS,HOUSEHOLD_2_417_CA_1,0.5931942621055163,0.4631341931858523,False,-0.2808258833686932
AutoETS,HOUSEHOLD_2_421_WI_1,0.6560535036058116,0.753259157392115,True,0.12904676011220695
AutoETS,HOUSEHOLD_2_425_CA_2,0.9843350502535159,1.2535996302277201,True,0.21479312332382516
AutoETS,HOUSEHOLD_2_428_WI_2,1.1656300346829531,2.0638947790110582,True,0.4352279745377913
AutoETS,HOUSEHOLD_2_433_WI_2,1.5632535077005243,1.4329689588319936,False,-0.09091930991633279
AutoETS,HOUSEHOLD_2_464_CA_2,1.0891452474863246,0.9863451877822447,False,-0.10422320803857876
AutoETS,HOUSEHOLD_2_466_WI_2,1.5160875354212386,1.5571849980662815,True,0.026392151668605757
AutoETS,HOUSEHOLD_2_467_TX_1,0.8344293480982177,1.0790627777740114,True,0.22670917273269842
AutoETS,HOUSEHOLD_2_471_WI_1,1.3342071059850475,1.6543033439963977,True,0.19349307318576459
AutoETS,HOUSEHOLD_2_472_TX_1,0.883745052917148,1.0104267113227998,True,0.12537441556726714
AutoETS,HOUSEHOLD_2_474_TX_2,0.7406667156345054,0.5747030498245809,False,-0.2887815992286491
AutoETS,HOUSEHOLD_2_485_TX_1,0.7887840928663199,0.999923975576985,True,0.21115593571884428
AutoETS,HOUSEHOLD_2_485_TX_2,0.9374113155623038,0.9184232464984197,False,-0.020674638992728145
AutoETS,HOUSEHOLD_2_489_CA_2,1.1483231341959352,1.056492841798884,False,-0.08691993808561205
AutoETS,HOUSEHOLD_2_508_CA_2,1.0994096980998853,1.3302226607419252,True,0.1735145321560716
Chronos-Bolt (zero-shot),FOODS_1_017_WI_3,1.8524295892200473,2.309613989663556,True,0.19794840284549342
Chronos-Bolt (zero-shot),FOODS_1_021_TX_2,0.17642647705423803,0.22766662926700043,True,0.2250665913477795
Chronos-Bolt (zero-shot),FOODS_1_029_TX_2,1.0222825954249104,1.4880280721939558,True,0.3129950875740859
Chronos-Bolt (zero-shot),FOODS_1_042_TX_1,1.0513119107617719,1.2418820224517897,True,0.15345266961332138
Chronos-Bolt (zero-shot),FOODS_1_054_TX_3,0.4885862452985509,0.5238886750158667,True,0.06738536525197192
Chronos-Bolt (zero-shot),FOODS_1_070_CA_2,1.428300156734817,1.9001590499403846,True,0.24832599840543434
Chronos-Bolt (zero-shot),FOODS_1_071_TX_1,0.5874438795248181,1.0749993158291469,True,0.4535402293984506
Chronos-Bolt (zero-shot),FOODS_1_082_TX_3,0.7941014062966463,1.2001352662110596,True,0.3383234134901315
Chronos-Bolt (zero-shot),FOODS_1_105_CA_2,1.5908112685980753,1.9877052630040073,True,0.19967446974814984
Chronos-Bolt (zero-shot),FOODS_1_112_CA_1,0.7250418507278777,1.117988648203754,True,0.3514765539947249
Chronos-Bolt (zero-shot),FOODS_1_130_WI_2,1.3488652393809408,1.6244320910928969,True,0.16963888685956596
Chronos-Bolt (zero-shot),FOODS_1_133_WI_3,1.3981623432123724,1.9114204080310526,True,0.2685218085263542
Chronos-Bolt (zero-shot),FOODS_1_180_TX_2,0.8492275859120257,1.0713106855910004,True,0.20730036829275167
Chronos-Bolt (zero-shot),FOODS_1_193_CA_2,0.8761858942642641,1.4104952841064868,True,0.37880976693991164
Chronos-Bolt (zero-shot),FOODS_1_199_CA_1,0.7040508161116069,0.9002279186773869,True,0.21791937185641053
Chronos-Bolt (zero-shot),FOODS_1_209_TX_1,0.8514820501882617,0.918992556038809,True,0.07346142839452585
Chronos-Bolt (zero-shot),FOODS_1_219_TX_2,1.1684035621631796,1.3366166213694237,True,0.12584989331787766
Chronos-Bolt (zero-shot),FOODS_2_010_WI_1,1.0986619899376404,1.4808653400004774,True,0.25809460167574305
Chronos-Bolt (zero-shot),FOODS_2_031_WI_2,0.6521707966283625,0.9256092789192683,True,0.295414586390242
Chronos-Bolt (zero-shot),FOODS_2_034_CA_2,0.8125381441426466,1.1345208018798765,True,0.28380498374618746
Chronos-Bolt (zero-shot),FOODS_2_070_WI_1,0.5618978658867319,0.535923833819242,False,-0.04846590210848967
Chronos-Bolt (zero-shot),FOODS_2_076_CA_4,0.8370946458247922,1.8629341805418715,True,0.5506579595950585
Chronos-Bolt (zero-shot),FOODS_2_081_TX_2,0.9699238894686969,1.018506520410011,True,0.047699872281383726
Chronos-Bolt (zero-shot),FOODS_2_100_CA_4,1.0144035366312019,1.121762288197178,True,0.095705438394186
Chronos-Bolt (zero-shot),FOODS_2_103_WI_1,1.1043466291167252,1.3783297859733206,True,0.19877910181206715
Chronos-Bolt (zero-shot),FOODS_2_105_CA_3,0.6541716540348906,1.1604866701477512,True,0.43629541737726074
Chronos-Bolt (zero-shot),FOODS_2_106_TX_3,0.9037443714006387,1.0523332195753794,True,0.14119942752990056
Chronos-Bolt (zero-shot),FOODS_2_107_CA_1,0.7202789700284343,0.7607583427695114,True,0.05320923934098898
Chronos-Bolt (zero-shot),FOODS_2_113_WI_1,1.0445310657849622,1.197950340793057,True,0.12806814254631738
Chronos-Bolt (zero-shot),FOODS_2_117_TX_3,7.061205078671175,6.054725710327235,False,-0.16623038210091656
Chronos-Bolt (zero-shot),FOODS_2_125_WI_2,1.0205373490688927,1.295182278956319,True,0.21205117947470686
Chronos-Bolt (zero-shot),FOODS_2_133_WI_3,1.054939995255079,1.396537335933323,True,0.24460308499375016
Chronos-Bolt (zero-shot),FOODS_2_143_CA_3,1.1412913358514383,1.1515724114248216,True,0.008927858527509103
Chronos-Bolt (zero-shot),FOODS_2_152_WI_2,0.7368220860032808,0.8760791719030413,True,0.15895490997379003
Chronos-Bolt (zero-shot),FOODS_2_153_WI_1,1.083019797775392,1.9011325084427342,True,0.4303291364669153
Chronos-Bolt (zero-shot),FOODS_2_166_CA_3,0.660704292735554,0.6509559610260172,False,-0.014975408926545253
Chronos-Bolt (zero-shot),FOODS_2_183_TX_3,0.7597963440300306,0.8429068529188503,True,0.09859987328495601
Chronos-Bolt (zero-shot),FOODS_2_223_TX_3,0.375818626521516,0.54380081300813,True,0.3089038899324018
Chronos-Bolt (zero-shot),FOODS_2_225_CA_4,1.015987651016569,1.3209745267410922,True,0.23088020968651113
Chronos-Bolt (zero-shot),FOODS_2_243_CA_3,0.5642708201595266,0.6237572711821757,True,0.09536794803194437
Chronos-Bolt (zero-shot),FOODS_2_251_WI_1,0.7926558647060438,1.0804689109150094,True,0.2663779062048415
Chronos-Bolt (zero-shot),FOODS_2_258_CA_1,0.9164257523951221,1.1973953809269249,True,0.23465067011892027
Chronos-Bolt (zero-shot),FOODS_2_263_WI_3,0.4067194779514381,0.5564707708914686,True,0.26910900046039843
Chronos-Bolt (zero-shot),FOODS_2_267_WI_1,0.7767228572558884,1.0412657284158968,True,0.2540589437841808
Chronos-Bolt (zero-shot),FOODS_2_275_CA_3,0.5760704637833133,0.6327871669367273,True,0.08962998321848892
Chronos-Bolt (zero-shot),FOODS_2_276_TX_2,0.60500554201924,0.7826182011925313,True,0.2269467524556038
Chronos-Bolt (zero-shot),FOODS_2_276_WI_1,0.6776014285703771,1.0028957833196561,True,0.3243550926822443
Chronos-Bolt (zero-shot),FOODS_2_280_CA_4,1.410377257015019,1.7409860423331207,True,0.18989743586631402
Chronos-Bolt (zero-shot),FOODS_2_295_TX_2,0.9908797987099663,1.2978066594877116,True,0.23649659872981366
Chronos-Bolt (zero-shot),FOODS_2_300_CA_3,0.848810202000634,1.4197962332242506,True,0.4021605480153657
Chronos-Bolt (zero-shot),FOODS_2_315_WI_1,1.2957029016566488,1.4735073246537063,True,0.12066748500136837
Chronos-Bolt (zero-shot),FOODS_2_320_TX_1,0.7170723203947398,0.8966056223202681,True,0.20023664524980966
Chronos-Bolt (zero-shot),FOODS_2_349_TX_2,0.8177904187048656,1.1652341162304565,True,0.29817501280307046
Chronos-Bolt (zero-shot),FOODS_2_359_WI_2,2.224385485672566,2.37811082409462,True,0.06464178913132845
Chronos-Bolt (zero-shot),FOODS_2_375_CA_3,0.7899796235558989,0.9140222406563014,True,0.13571072079311264
Chronos-Bolt (zero-shot),FOODS_2_391_WI_3,2.585897915376286,2.8976652969911596,True,0.10759261324577496
Chronos-Bolt (zero-shot),FOODS_3_002_CA_1,0.5868440376346581,0.6698861242169072,True,0.12396448229066515
Chronos-Bolt (zero-shot),FOODS_3_007_TX_1,0.47908372238631786,0.779495610451866,True,0.3853926616615613
Chronos-Bolt (zero-shot),FOODS_3_012_TX_2,0.9508051285202868,1.1803779425348777,True,0.19449093865781686
Chronos-Bolt (zero-shot),FOODS_3_021_WI_3,0.4286752344964456,0.5047400453601223,True,0.1507009629271755
Chronos-Bolt (zero-shot),FOODS_3_037_CA_1,1.834886185908424,2.248255177645887,True,0.18386213266516083
Chronos-Bolt (zero-shot),FOODS_3_050_TX_1,0.3939413717920533,0.7717855017684745,True,0.4895714276967197
Chronos-Bolt (zero-shot),FOODS_3_053_TX_2,0.8073331725461029,1.114623849555419,True,0.27569002505363815
Chronos-Bolt (zero-shot),FOODS_3_056_WI_3,1.1549517244444956,2.4970407478615413,True,0.5374718152142319
Chronos-Bolt (zero-shot),FOODS_3_063_WI_3,1.0309887909428106,1.254425002555697,True,0.17811842968505076
Chronos-Bolt (zero-shot),FOODS_3_065_WI_3,0.8355801889326394,1.0477782342934883,True,0.20252190627335653
Chronos-Bolt (zero-shot),FOODS_3_068_CA_1,1.3641028314042745,1.4099656771021811,True,0.03252763272377368
Chronos-Bolt (zero-shot),FOODS_3_068_TX_1,0.8141471617989327,1.2380188601982431,True,0.3423790315532319
Chronos-Bolt (zero-shot),FOODS_3_073_WI_3,0.6949367019656945,0.6937757909215956,False,-0.001673323081159639
Chronos-Bolt (zero-shot),FOODS_3_089_TX_1,0.5757609111721721,0.6419999614439341,True,0.10317609696234642
Chronos-Bolt (zero-shot),FOODS_3_099_CA_1,0.9105313041512795,1.0751785363051451,True,0.15313478328880747
Chronos-Bolt (zero-shot),FOODS_3_122_WI_3,1.0578514580709988,1.288700195226314,True,0.17913300394493603
Chronos-Bolt (zero-shot),FOODS_3_143_WI_2,1.531618333268018,1.5901433054391632,True,0.036804841407033995
Chronos-Bolt (zero-shot),FOODS_3_149_WI_1,1.5834651590358053,1.793281370497359,True,0.1170012776095265
Chronos-Bolt (zero-shot),FOODS_3_158_WI_2,0.5228545742185472,0.7570647979295223,True,0.30936615247665833
Chronos-Bolt (zero-shot),FOODS_3_173_WI_1,0.4610298954599442,1.0292696110284172,True,0.5520805331080394
Chronos-Bolt (zero-shot),FOODS_3_177_TX_3,0.7109776588679648,0.9844007279824415,True,0.2777558583026095
Chronos-Bolt (zero-shot),FOODS_3_181_WI_3,1.0476691075535705,1.4700484824711912,True,0.2873234318147042
Chronos-Bolt (zero-shot),FOODS_3_222_WI_3,0.8895903620133531,1.2175995500509524,True,0.269390037162771
Chronos-Bolt (zero-shot),FOODS_3_234_TX_3,0.514562141459237,0.536731719174649,True,0.04130476534813887
Chronos-Bolt (zero-shot),FOODS_3_261_CA_3,4.280318167088571,5.87361016114674,True,0.2712628094723776
Chronos-Bolt (zero-shot),FOODS_3_271_TX_2,0.3654548610608156,0.5026064952818692,True,0.27288074370017223
Chronos-Bolt (zero-shot),FOODS_3_279_TX_2,0.7588323801117688,1.0321581579960788,True,0.2648099768110813
Chronos-Bolt (zero-shot),FOODS_3_285_TX_3,1.088147968058754,1.2567573659905988,True,0.13416225159654727
Chronos-Bolt (zero-shot),FOODS_3_286_WI_1,0.8963120795103963,1.3326878130414441,True,0.32744032717996907
Chronos-Bolt (zero-shot),FOODS_3_304_CA_1,0.8136018741322466,1.1011984663224115,True,0.2611669022302848
Chronos-Bolt (zero-shot),FOODS_3_351_TX_3,1.2552651310394725,1.4581869548727324,True,0.13916036154017752
Chronos-Bolt (zero-shot),FOODS_3_354_CA_4,0.7153307903032942,0.857744689908799,True,0.16603297144357398
Chronos-Bolt (zero-shot),FOODS_3_387_WI_2,2.220343054711278,2.446166487587402,True,0.0923172784935209
Chronos-Bolt (zero-shot),FOODS_3_392_CA_3,0.8820203988106048,1.3627520668984276,True,0.35276531935992583
Chronos-Bolt (zero-shot),FOODS_3_414_CA_4,1.5966359301482895,2.1983269409957016,True,0.2737040608595209
Chronos-Bolt (zero-shot),FOODS_3_427_TX_2,0.7907077391553132,1.0458876796132561,True,0.24398407728858829
Chronos-Bolt (zero-shot),FOODS_3_465_CA_2,0.860261676815562,1.8325306783028574,True,0.5305608320771649
Chronos-Bolt (zero-shot),FOODS_3_491_CA_4,0.946087149357589,0.9465134693516388,True,0.000450410911048027
Chronos-Bolt (zero-shot),FOODS_3_498_CA_1,0.6380193931329654,0.907634729634972,True,0.2970526883765666
Chronos-Bolt (zero-shot),FOODS_3_503_WI_2,0.7037818277999822,0.9330403133622442,True,0.24571123270774964
Chronos-Bolt (zero-shot),FOODS_3_519_CA_4,0.7848231833869999,1.055662596897488,True,0.25655869053849645
Chronos-Bolt (zero-shot),FOODS_3_520_TX_2,0.9444544317027683,1.1130864296201903,True,0.15149946439915085
Chronos-Bolt (zero-shot),FOODS_3_533_WI_1,0.8602197510182608,0.8499372240654849,False,-0.012097984017680474
Chronos-Bolt (zero-shot),FOODS_3_534_TX_3,0.9935195317493442,1.1948422609739744,True,0.1684931440745343
Chronos-Bolt (zero-shot),FOODS_3_556_WI_2,0.5810204100319636,1.0504139185171408,True,0.4468652787348968
Chronos-Bolt (zero-shot),FOODS_3_558_CA_3,1.0732649088005084,1.2048857032172535,True,0.10923923660584134
Chronos-Bolt (zero-shot),FOODS_3_565_CA_1,0.7753410815085889,1.039030729050423,True,0.2537842627453586
Chronos-Bolt (zero-shot),FOODS_3_565_TX_2,0.7744911504241758,1.1700383568883532,True,0.33806345248040537
Chronos-Bolt (zero-shot),FOODS_3_572_WI_3,2.0659592613276443,2.176504982886698,True,0.05079047483384891
Chronos-Bolt (zero-shot),FOODS_3_593_WI_1,0.7300567464022566,0.8372014130681893,True,0.12797955783813975
Chronos-Bolt (zero-shot),FOODS_3_609_CA_3,1.0694828727284533,1.249926680538052,True,0.14436351397181446
Chronos-Bolt (zero-shot),FOODS_3_612_CA_1,0.8841668837121655,1.2336262229054007,True,0.2832781378221668
Chronos-Bolt (zero-shot),FOODS_3_622_WI_2,1.0326107954928492,1.3994384875348171,True,0.2621249131772514
Chronos-Bolt (zero-shot),FOODS_3_631_TX_3,0.5559042411610426,0.8428768253896604,True,0.340467996727696
Chronos-Bolt (zero-shot),FOODS_3_635_WI_3,1.0198116238436088,1.0197511915269593,False,-5.926182499393917e-05
Chronos-Bolt (zero-shot),FOODS_3_665_CA_1,0.759314038462753,0.7945683505761788,True,0.0443691371395063
Chronos-Bolt (zero-shot),FOODS_3_675_WI_2,1.2554033929181165,1.4259962107319906,True,0.11963062491330567
Chronos-Bolt (zero-shot),FOODS_3_678_CA_1,0.5687844179215451,0.6873749149624085,True,0.1725266582463938
Chronos-Bolt (zero-shot),FOODS_3_681_CA_4,0.8307338669078337,1.3919073745900747,True,0.40316871505010177
Chronos-Bolt (zero-shot),FOODS_3_684_WI_2,0.8806846627059988,1.0989794659097636,True,0.19863410552721728
Chronos-Bolt (zero-shot),FOODS_3_686_WI_2,0.7446879980550573,1.1081739247493831,True,0.3280044030782707
Chronos-Bolt (zero-shot),FOODS_3_709_CA_3,0.9129433393308806,1.1943238335526656,True,0.2355981571470307
Chronos-Bolt (zero-shot),FOODS_3_717_CA_1,0.7414550708331135,1.098337534408787,True,0.32492967998929045
Chronos-Bolt (zero-shot),FOODS_3_731_WI_3,1.1956973879954118,1.36799205498693,True,0.1259471254700849
Chronos-Bolt (zero-shot),FOODS_3_742_TX_2,1.2139819891908878,1.5142096411750017,True,0.19827350442118574
Chronos-Bolt (zero-shot),FOODS_3_744_CA_4,0.5827940785904651,0.7837158581303644,True,0.256370695393633
Chronos-Bolt (zero-shot),FOODS_3_752_TX_2,0.7380302700121885,1.0439632127330947,True,0.2930495433071574
Chronos-Bolt (zero-shot),FOODS_3_766_TX_1,0.4132108298604089,0.8365405151002924,True,0.506048036644263
Chronos-Bolt (zero-shot),FOODS_3_779_WI_2,0.8758296585056184,1.5127349955957201,True,0.421029022891935
Chronos-Bolt (zero-shot),FOODS_3_795_CA_4,0.9518688046641297,1.1583239479958662,True,0.17823610026275083
Chronos-Bolt (zero-shot),FOODS_3_802_TX_3,0.612841592896677,1.0493458646884246,True,0.41597750225218266
Chronos-Bolt (zero-shot),FOODS_3_803_CA_3,0.8647570959255066,0.8517563304953832,False,-0.015263479665084567
Chronos-Bolt (zero-shot),FOODS_3_820_CA_1,0.7033121670190616,1.0441124956240388,True,0.3264019251118049
Chronos-Bolt (zero-shot),HOBBIES_1_003_WI_2,0.9397347626135736,1.7027668023073133,True,0.4481130584997326
Chronos-Bolt (zero-shot),HOBBIES_1_018_CA_1,0.36627460607817863,0.9103176354389946,True,0.5976408763062739
Chronos-Bolt (zero-shot),HOBBIES_1_018_TX_3,1.5744860117369228,1.9003781195124319,True,0.17148803410719182
Chronos-Bolt (zero-shot),HOBBIES_1_033_TX_3,0.5382862897328142,1.2491418835706787,True,0.5690751412528735
Chronos-Bolt (zero-shot),HOBBIES_1_044_CA_4,0.5539335479552567,0.8459312973584081,True,0.3451790355965946
Chronos-Bolt (zero-shot),HOBBIES_1_062_TX_2,0.7966454462424131,1.214349031914135,True,0.3439732520833081
Chronos-Bolt (zero-shot),HOBBIES_1_076_CA_3,1.7599765166938333,1.998728238708769,True,0.11945181810668548
Chronos-Bolt (zero-shot),HOBBIES_1_077_CA_1,2.077167966351313,2.80013272939927,True,0.25818946204134374
Chronos-Bolt (zero-shot),HOBBIES_1_085_TX_1,0.8455431978014987,1.096764071103889,True,0.22905643968582734
Chronos-Bolt (zero-shot),HOBBIES_1_102_WI_1,0.6676648929705513,1.1351594907236313,True,0.41183164266641137
Chronos-Bolt (zero-shot),HOBBIES_1_112_CA_1,6.878377905079532,9.273809523809524,True,0.25830071370130847
Chronos-Bolt (zero-shot),HOBBIES_1_112_CA_4,9.144833091403815,15.932589285714286,True,0.4260296975330061
Chronos-Bolt (zero-shot),HOBBIES_1_124_WI_3,0.6044668697078814,0.9547821449712431,True,0.366905976518772
Chronos-Bolt (zero-shot),HOBBIES_1_130_CA_4,0.9262330156362446,1.608176965237747,True,0.4240478282815636
Chronos-Bolt (zero-shot),HOBBIES_1_148_CA_4,0.7468301547600604,0.8387487882791264,True,0.10959018338215043
Chronos-Bolt (zero-shot),HOBBIES_1_157_CA_4,0.9237254383842457,0.7986525134559983,False,-0.15660493496354388
Chronos-Bolt (zero-shot),HOBBIES_1_173_CA_3,0.740403034531171,0.8605150997062162,True,0.13958158923190545
Chronos-Bolt (zero-shot),HOBBIES_1_184_TX_1,0.5933426370954543,1.2707763601130107,True,0.533086500725676
Chronos-Bolt (zero-shot),HOBBIES_1_192_CA_2,1.1714331676319079,2.422352514588151,True,0.5164068150373748
Chronos-Bolt (zero-shot),HOBBIES_1_230_TX_2,0.6950646885566116,1.3145377942843806,True,0.47124784728232405
Chronos-Bolt (zero-shot),HOBBIES_1_240_TX_2,1.2386315173478903,1.5968757576114876,True,0.22434070938583084
Chronos-Bolt (zero-shot),HOBBIES_1_244_CA_3,0.711428552270835,0.8075765186180079,True,0.11905740710701862
Chronos-Bolt (zero-shot),HOBBIES_1_268_TX_1,0.9251008029180394,1.1383874004391168,True,0.1873585366798729
Chronos-Bolt (zero-shot),HOBBIES_1_271_TX_1,0.8120491659059624,1.2546597739658645,True,0.35277341096291825
Chronos-Bolt (zero-shot),HOBBIES_1_278_TX_2,1.053922724116312,1.1865264116282859,True,0.11175788942616127
Chronos-Bolt (zero-shot),HOBBIES_1_279_TX_1,1.2499496593246593,1.5177325516290159,True,0.1764361527443945
Chronos-Bolt (zero-shot),HOBBIES_1_297_CA_1,1.2052719169178492,1.3871739399861744,True,0.13113137280400333
Chronos-Bolt (zero-shot),HOBBIES_1_299_TX_3,0.9101703194780245,1.1449239896560843,True,0.20503865086150896
Chronos-Bolt (zero-shot),HOBBIES_1_306_CA_2,0.9013910238626552,1.0858956106959226,True,0.16991005858751296
Chronos-Bolt (zero-shot),HOBBIES_1_307_WI_2,0.6769312181337365,1.1471539794130654,True,0.4099037877372972
Chronos-Bolt (zero-shot),HOBBIES_1_308_WI_3,0.5924390995980475,1.0130969640761327,True,0.4152197463760965
Chronos-Bolt (zero-shot),HOBBIES_1_317_TX_1,0.8143156064886254,1.1105414037408396,True,0.26673998488879636
Chronos-Bolt (zero-shot),HOBBIES_1_320_CA_2,1.0124478493755984,1.1845626057517586,True,0.14529815101408772
Chronos-Bolt (zero-shot),HOBBIES_1_324_CA_1,1.0712762638461573,1.4640093442361788,True,0.26825858860547314
Chronos-Bolt (zero-shot),HOBBIES_1_335_TX_3,36.188719528205404,38.504464285714285,True,0.060142240658781376
Chronos-Bolt (zero-shot),HOBBIES_1_340_WI_1,0.5466078084512933,1.1300562454196017,True,0.5163003517153855
Chronos-Bolt (zero-shot),HOBBIES_1_341_WI_3,0.5963560448803433,0.9119652937997791,True,0.3460759428732465
Chronos-Bolt (zero-shot),HOBBIES_1_342_TX_3,0.8370554133130479,1.08397425715741,True,0.22779032086230222
Chronos-Bolt (zero-shot),HOBBIES_1_343_TX_2,0.92998816427359,1.1633471521407601,True,0.2005927357433671
Chronos-Bolt (zero-shot),HOBBIES_1_345_WI_1,0.8420934864634168,1.0443373615035842,True,0.1936576076805171
Chronos-Bolt (zero-shot),HOBBIES_1_346_TX_2,0.7032867259659588,1.1507442426100525,True,0.38884184693307355
Chronos-Bolt (zero-shot),HOBBIES_1_355_TX_1,1.7500420158844414,2.5843932798898517,True,0.32284222006682006
Chronos-Bolt (zero-shot),HOBBIES_1_369_CA_1,0.9888504630247879,1.0404393066367692,True,0.04958371265186323
Chronos-Bolt (zero-shot),HOBBIES_1_371_TX_3,0.5325346208393327,0.6552286046361631,True,0.18725370493395999
Chronos-Bolt (zero-shot),HOBBIES_1_373_WI_1,0.7097838725296458,0.9016229889029954,True,0.21277087955217322
Chronos-Bolt (zero-shot),HOBBIES_1_375_TX_1,1.3381435271700097,2.232178580214987,True,0.40052129384687063
Chronos-Bolt (zero-shot),HOBBIES_1_393_TX_1,0.4135163304279235,0.8828405831219025,True,0.5316070213201501
Chronos-Bolt (zero-shot),HOBBIES_1_398_WI_1,0.953094594387363,1.3289470091160034,True,0.28281971527115446
Chronos-Bolt (zero-shot),HOBBIES_1_413_TX_3,1.6013085160559173,1.6953537856709213,True,0.05547235651335536
Chronos-Bolt (zero-shot),HOBBIES_1_417_WI_2,0.9842935427863018,1.3596495991422417,True,0.2760682286029722
Chronos-Bolt (zero-shot),HOBBIES_1_421_WI_3,1.3408971381796724,1.7754341919702934,True,0.24474973826452684
Chronos-Bolt (zero-shot),HOBBIES_2_001_TX_1,0.35897433537244783,0.8464966035320918,True,0.5759293848615676
Chronos-Bolt (zero-shot),HOBBIES_2_003_CA_4,0.4281674359390488,0.9680456936673592,True,0.557699147116731
Chronos-Bolt (zero-shot),HOBBIES_2_033_CA_1,0.8210166692754567,1.549983375857891,True,0.4703061451733074
Chronos-Bolt (zero-shot),HOBBIES_2_044_TX_2,0.8838113809762359,1.0995877634406797,True,0.19623388840674783
Chronos-Bolt (zero-shot),HOBBIES_2_044_WI_2,0.4324323990616761,0.6540056120922759,True,0.33879405456743594
Chronos-Bolt (zero-shot),HOBBIES_2_045_CA_3,1.0354835264159221,1.1178549013991357,True,0.07368700077274382
Chronos-Bolt (zero-shot),HOBBIES_2_060_TX_3,0.29669276194283706,0.5034457350673434,True,0.4106757863324635
Chronos-Bolt (zero-shot),HOBBIES_2_068_CA_3,0.6965626716376536,1.1170422846943366,True,0.3764222884111692
Chronos-Bolt (zero-shot),HOBBIES_2_071_TX_2,0.5770924029742706,1.2778539998587948,True,0.5483894067412707
Chronos-Bolt (zero-shot),HOBBIES_2_080_TX_1,0.555179398341979,0.5423422784639959,False,-0.023669775320375397
Chronos-Bolt (zero-shot),HOBBIES_2_081_TX_2,0.6413002232984839,1.0545577867078961,True,0.3918775894676326
Chronos-Bolt (zero-shot),HOBBIES_2_096_WI_2,0.6595826105942092,0.8053480168504726,True,0.1809967904637274
Chronos-Bolt (zero-shot),HOBBIES_2_098_TX_3,1.145907147044834,1.674494423824373,True,0.3156697742667306
Chronos-Bolt (zero-shot),HOBBIES_2_112_WI_3,0.4337342705306595,1.519452605690073,True,0.7145457061928726
Chronos-Bolt (zero-shot),HOBBIES_2_116_TX_1,0.7841026995605147,1.628599572005838,True,0.5185417502015013
Chronos-Bolt (zero-shot),HOBBIES_2_148_WI_2,0.21053867233582801,0.4883599694025641,True,0.568886302058314
Chronos-Bolt (zero-shot),HOUSEHOLD_1_023_WI_1,0.7730995146091821,1.0346928609763553,True,0.2528222202290338
Chronos-Bolt (zero-shot),HOUSEHOLD_1_024_TX_1,0.7106487903454007,0.8489096529506406,True,0.16286876009086793
Chronos-Bolt (zero-shot),HOUSEHOLD_1_078_WI_2,0.8081012716816889,1.1843977495315212,True,0.31771124016292107
Chronos-Bolt (zero-shot),HOUSEHOLD_1_088_CA_3,0.8646701818230398,1.2551170001755145,True,0.3110840011711059
Chronos-Bolt (zero-shot),HOUSEHOLD_1_093_WI_2,0.7730788254829821,1.0378392685643085,True,0.2551073669120093
Chronos-Bolt (zero-shot),HOUSEHOLD_1_115_WI_1,0.7293607700392135,1.0312088376598953,True,0.29271284011263954
Chronos-Bolt (zero-shot),HOUSEHOLD_1_122_CA_3,0.8962865309050817,1.087519447018792,True,0.17584321516082824
Chronos-Bolt (zero-shot),HOUSEHOLD_1_130_CA_3,0.8415445899511608,1.0721711085027053,True,0.21510234394733518
Chronos-Bolt (zero-shot),HOUSEHOLD_1_140_TX_1,1.2008893587103384,1.4431196227048049,True,0.16785182612960392
Chronos-Bolt (zero-shot),HOUSEHOLD_1_147_CA_1,0.8458459726973335,1.1516735668516604,True,0.26555058912255003
Chronos-Bolt (zero-shot),HOUSEHOLD_1_157_CA_4,0.966197654424506,1.1744505816508388,True,0.1773194466246566
Chronos-Bolt (zero-shot),HOUSEHOLD_1_162_WI_1,0.5466093014950988,0.5969313216542176,True,0.08430118898714556
Chronos-Bolt (zero-shot),HOUSEHOLD_1_165_WI_3,0.5049053233011569,0.6096485075525331,True,0.17180913748460303
Chronos-Bolt (zero-shot),HOUSEHOLD_1_166_WI_1,0.6835684747712292,1.0876121020033231,True,0.37149607519801153
Chronos-Bolt (zero-shot),HOUSEHOLD_1_170_CA_4,0.9529003169214341,0.9507294256920724,False,-0.0022833954337548867
Chronos-Bolt (zero-shot),HOUSEHOLD_1_177_TX_2,0.8156893443371174,0.9263089193697007,True,0.11941974509740605
Chronos-Bolt (zero-shot),HOUSEHOLD_1_195_CA_2,0.8927120682026842,0.9723311445203004,True,0.0818847331655681
Chronos-Bolt (zero-shot),HOUSEHOLD_1_198_CA_1,0.6033238636420188,0.8158841054570883,True,0.2605274945220135
Chronos-Bolt (zero-shot),HOUSEHOLD_1_198_WI_1,0.9288641625576264,1.1996079598974962,True,0.22569356522359552
Chronos-Bolt (zero-shot),HOUSEHOLD_1_204_CA_2,0.8220560156814773,0.9612827631710311,True,0.144834332647638
Chronos-Bolt (zero-shot),HOUSEHOLD_1_204_TX_3,0.524235015534895,0.5613175240483406,True,0.06606333656928909
Chronos-Bolt (zero-shot),HOUSEHOLD_1_215_TX_3,0.7002674140721237,0.9404820317773199,True,0.2554164881292197
Chronos-Bolt (zero-shot),HOUSEHOLD_1_239_CA_3,0.8369608592270235,1.2038898798527558,True,0.30478619910868454
Chronos-Bolt (zero-shot),HOUSEHOLD_1_262_TX_1,0.843586798511622,1.1656259327840521,True,0.2762800013407837
Chronos-Bolt (zero-shot),HOUSEHOLD_1_278_TX_2,0.35028321390286166,0.7150253409251681,True,0.5101107697111381
Chronos-Bolt (zero-shot),HOUSEHOLD_1_295_CA_3,0.7079462335634396,0.9506467340315168,True,0.2553004094789547
Chronos-Bolt (zero-shot),HOUSEHOLD_1_312_WI_3,0.5628201376975046,0.6857054525450477,True,0.17921005935047607
Chronos-Bolt (zero-shot),HOUSEHOLD_1_320_CA_4,1.0326643500199544,1.4078669626612172,True,0.2665043094214222
Chronos-Bolt (zero-shot),HOUSEHOLD_1_323_CA_2,0.5503174817772226,0.9441404346531237,True,0.4171232778740075
Chronos-Bolt (zero-shot),HOUSEHOLD_1_323_TX_1,1.0975096112581482,1.1773868578998226,True,0.06784282167388578
Chronos-Bolt (zero-shot),HOUSEHOLD_1_324_CA_4,0.878999240884248,1.0710037724054677,True,0.17927530833059424
Chronos-Bolt (zero-shot),HOUSEHOLD_1_325_CA_1,0.6902565702803383,0.7393887714704658,True,0.06644975293905997
Chronos-Bolt (zero-shot),HOUSEHOLD_1_342_WI_2,0.6919351942192763,0.8103338755551939,True,0.14611098574004155
Chronos-Bolt (zero-shot),HOUSEHOLD_1_357_CA_1,1.1574611812576807,1.3214536072493939,True,0.12410002522378627
Chronos-Bolt (zero-shot),HOUSEHOLD_1_360_WI_2,0.9151190929287862,1.2534064394917872,True,0.269894374166583
Chronos-Bolt (zero-shot),HOUSEHOLD_1_375_CA_2,0.7369263658544691,0.935506342519207,True,0.21227004846379305
Chronos-Bolt (zero-shot),HOUSEHOLD_1_379_CA_3,0.893162865400385,1.495889513439765,True,0.4029219020684377
Chronos-Bolt (zero-shot),HOUSEHOLD_1_384_CA_4,0.7284515692678593,1.3191798095672218,True,0.44779963733159356
Chronos-Bolt (zero-shot),HOUSEHOLD_1_387_CA_2,0.6980066595582252,0.9995937183275139,True,0.3017096378655659
Chronos-Bolt (zero-shot),HOUSEHOLD_1_387_WI_3,0.5646393121656414,0.9216893276757678,True,0.38738651385983014
Chronos-Bolt (zero-shot),HOUSEHOLD_1_414_CA_2,1.4524994255054118,1.5956826987289323,True,0.08973166992258275
Chronos-Bolt (zero-shot),HOUSEHOLD_1_422_TX_3,0.8677349309233435,1.3092475519509206,True,0.3372262337780777
Chronos-Bolt (zero-shot),HOUSEHOLD_1_425_WI_2,0.8477730554895914,1.0596177397617295,True,0.1999255734617792
Chronos-Bolt (zero-shot),HOUSEHOLD_1_434_WI_1,0.8221076037265078,1.0253640903125922,True,0.198228598510915
Chronos-Bolt (zero-shot),HOUSEHOLD_1_454_CA_1,0.8430229660242904,1.1435237059260959,True,0.26278488005497136
Chronos-Bolt (zero-shot),HOUSEHOLD_1_465_CA_2,0.7338585899040335,1.0669110188886757,True,0.312165141317557
Chronos-Bolt (zero-shot),HOUSEHOLD_1_466_TX_1,0.3171041499479027,0.5999553454412628,True,0.47145374675397733
Chronos-Bolt (zero-shot),HOUSEHOLD_1_468_CA_2,0.9445686928685745,1.0431591917356078,True,0.09451146061704974
Chronos-Bolt (zero-shot),HOUSEHOLD_1_503_CA_2,0.6531484688450124,0.9268699817864207,True,0.2953181334169932
Chronos-Bolt (zero-shot),HOUSEHOLD_1_510_TX_2,0.7551593029727259,0.8672041199659589,True,0.12920235779971978
Chronos-Bolt (zero-shot),HOUSEHOLD_1_537_TX_2,0.6292814022746616,0.8357743014677987,True,0.24706777754531506
Chronos-Bolt (zero-shot),HOUSEHOLD_2_014_WI_3,0.4931058110175791,1.0162146775856657,True,0.5147621640448006
Chronos-Bolt (zero-shot),HOUSEHOLD_2_020_CA_4,0.8423714273328093,1.2910088314104244,True,0.3475091673753151
Chronos-Bolt (zero-shot),HOUSEHOLD_2_029_TX_1,0.8857379731217938,1.162508413972711,True,0.23808037647236702
Chronos-Bolt (zero-shot),HOUSEHOLD_2_041_TX_2,0.4054229161749472,0.7024848842919823,True,0.42287311052455845
Chronos-Bolt (zero-shot),HOUSEHOLD_2_047_CA_1,1.072692594318321,1.4737965033787037,True,0.2721569145678153
Chronos-Bolt (zero-shot),HOUSEHOLD_2_054_CA_4,0.5902498257652998,0.7311473672042976,True,0.19270744552873176
Chronos-Bolt (zero-shot),HOUSEHOLD_2_055_TX_1,0.5201846386820291,0.739135559034087,True,0.29622566209395484
Chronos-Bolt (zero-shot),HOUSEHOLD_2_058_TX_2,0.9526874678445743,1.6520049922328293,True,0.42331441350129706
Chronos-Bolt (zero-shot),HOUSEHOLD_2_060_CA_4,1.0144133654142335,1.0014823843462823,False,-0.012911840757330761
Chronos-Bolt (zero-shot),HOUSEHOLD_2_070_CA_3,0.3278995449541656,0.4775699067489436,True,0.31339990162625353
Chronos-Bolt (zero-shot),HOUSEHOLD_2_075_WI_3,0.5046303700871874,0.7381011912531052,True,0.3163127548534974
Chronos-Bolt (zero-shot),HOUSEHOLD_2_076_CA_3,1.0536420263808548,1.336247345263478,True,0.2114917720019116
Chronos-Bolt (zero-shot),HOUSEHOLD_2_076_WI_3,1.0209937574466152,1.7365983392809572,True,0.4120725936722016
Chronos-Bolt (zero-shot),HOUSEHOLD_2_105_WI_1,0.5341105852104748,0.6444457319243723,True,0.17120936837369827
Chronos-Bolt (zero-shot),HOUSEHOLD_2_108_TX_1,0.15608325165857634,0.13856456043956045,False,-0.12642981122620633
Chronos-Bolt (zero-shot),HOUSEHOLD_2_116_CA_2,1.010910885333843,1.710491757206281,True,0.40899400358119953
Chronos-Bolt (zero-shot),HOUSEHOLD_2_123_TX_1,2.569325397558244,3.183157136673551,True,0.19283739782848752
Chronos-Bolt (zero-shot),HOUSEHOLD_2_131_WI_2,0.6510235359664799,0.6373248484176279,False,-0.02149404276777145
Chronos-Bolt (zero-shot),HOUSEHOLD_2_148_CA_2,0.6752124267524237,1.0005110728216307,True,0.32513247969540526
Chronos-Bolt (zero-shot),HOUSEHOLD_2_155_CA_1,1.1988702900368549,1.8365560360530706,True,0.3472182353807519
Chronos-Bolt (zero-shot),HOUSEHOLD_2_213_WI_1,0.5805368087240759,0.8283762003364894,True,0.29918700164459133
Chronos-Bolt (zero-shot),HOUSEHOLD_2_230_WI_3,0.34338767958724525,0.32098237879154723,False,-0.06980227662356664
Chronos-Bolt (zero-shot),HOUSEHOLD_2_236_TX_2,0.7597085124982905,0.9474563464476558,True,0.1981598779229221
Chronos-Bolt (zero-shot),HOUSEHOLD_2_263_TX_2,0.6479207641629449,1.2796079617770832,True,0.493656820278665
Chronos-Bolt (zero-shot),HOUSEHOLD_2_269_TX_3,0.2587306174074447,0.3960814660787517,True,0.34677423821693787
Chronos-Bolt (zero-shot),HOUSEHOLD_2_271_TX_3,0.8123469170203672,1.5347216334218432,True,0.4706877785979052
Chronos-Bolt (zero-shot),HOUSEHOLD_2_276_WI_3,0.3582505190077527,0.7670854491584608,True,0.5329718228904288
Chronos-Bolt (zero-shot),HOUSEHOLD_2_287_CA_3,0.6105104251424766,0.8076517057183054,True,0.24409195099822922
Chronos-Bolt (zero-shot),HOUSEHOLD_2_309_CA_1,0.25966830556914844,0.730543437421725,True,0.6445545983061809
Chronos-Bolt (zero-shot),HOUSEHOLD_2_325_WI_3,0.48350086277677906,0.6357313205812962,True,0.23945722489387744
Chronos-Bolt (zero-shot),HOUSEHOLD_2_347_WI_2,0.31140032539598733,0.5684830980724234,True,0.4522258859553364
Chronos-Bolt (zero-shot),HOUSEHOLD_2_349_TX_2,0.8918491734380769,1.2464763405259667,True,0.28450372907860433
Chronos-Bolt (zero-shot),HOUSEHOLD_2_361_CA_1,0.4952619966978312,0.6431350442511765,True,0.22992534596760905
Chronos-Bolt (zero-shot),HOUSEHOLD_2_374_CA_4,0.4207273896797409,0.5420233353971826,True,0.22378362294781784
Chronos-Bolt (zero-shot),HOUSEHOLD_2_391_TX_3,0.5137467081188781,1.1306713479634372,True,0.5456268445784554
Chronos-Bolt (zero-shot),HOUSEHOLD_2_406_TX_3,0.4729093329335211,1.0974530268989156,True,0.5690846702844076
Chronos-Bolt (zero-shot),HOUSEHOLD_2_414_WI_1,0.49420961789267387,0.4881672355659999,False,-0.012377689214779553
Chronos-Bolt (zero-shot),HOUSEHOLD_2_416_WI_2,1.4019179439354215,1.4273051637088348,True,0.01778681981885699
Chronos-Bolt (zero-shot),HOUSEHOLD_2_417_CA_1,0.21799316678771588,0.4631341931858523,True,0.5293088482883042
Chronos-Bolt (zero-shot),HOUSEHOLD_2_421_WI_1,0.4815087705170893,0.753259157392115,True,0.3607661243918524
Chronos-Bolt (zero-shot),HOUSEHOLD_2_425_CA_2,0.5295928994717282,1.2535996302277201,True,0.5775422338186826
Chronos-Bolt (zero-shot),HOUSEHOLD_2_428_WI_2,0.7060034792062617,2.0638947790110582,True,0.6579266121577416
Chronos-Bolt (zero-shot),HOUSEHOLD_2_433_WI_2,0.8465459088933142,1.4329689588319936,True,0.40923639435753734
Chronos-Bolt (zero-shot),HOUSEHOLD_2_464_CA_2,0.7136032810956269,0.9863451877822447,True,0.27651770400975584
Chronos-Bolt (zero-shot),HOUSEHOLD_2_466_WI_2,1.1243813988846039,1.5571849980662815,True,0.2779397436522538
Chronos-Bolt (zero-shot),HOUSEHOLD_2_467_TX_1,0.6717916943514665,1.0790627777740114,True,0.37743038849204
Chronos-Bolt (zero-shot),HOUSEHOLD_2_471_WI_1,0.8637583898469257,1.6543033439963977,True,0.47787182261247574
Chronos-Bolt (zero-shot),HOUSEHOLD_2_472_TX_1,0.7846017539260035,1.0104267113227998,True,0.22349464326923585
Chronos-Bolt (zero-shot),HOUSEHOLD_2_474_TX_2,0.2642082379149706,0.5747030498245809,True,0.5402699916145981
Chronos-Bolt (zero-shot),HOUSEHOLD_2_485_TX_1,0.6100159924613674,0.999923975576985,True,0.3899376278987904
Chronos-Bolt (zero-shot),HOUSEHOLD_2_485_TX_2,0.6677505344938339,0.9184232464984197,True,0.2729381175403611
Chronos-Bolt (zero-shot),HOUSEHOLD_2_489_CA_2,0.7572441414369567,1.056492841798884,True,0.2832472578350822
Chronos-Bolt (zero-shot),HOUSEHOLD_2_508_CA_2,0.8570632954766297,1.3302226607419252,True,0.3556993721648022
LightGBM,FOODS_1_017_WI_3,2.072206249567996,2.309613989663556,True,0.1027910902679211
LightGBM,FOODS_1_021_TX_2,0.565169624839492,0.22766662926700043,False,-1.4824438551188739
LightGBM,FOODS_1_029_TX_2,1.8737565894365367,1.4880280721939558,False,-0.2592212636646436
LightGBM,FOODS_1_042_TX_1,1.0909087793179826,1.2418820224517897,True,0.12156810421955189
LightGBM,FOODS_1_054_TX_3,1.0041001284175066,0.5238886750158667,False,-0.9166288112395178
LightGBM,FOODS_1_070_CA_2,1.3293713747414948,1.9001590499403846,True,0.30038942014711756
LightGBM,FOODS_1_071_TX_1,0.9343252218753596,1.0749993158291469,True,0.13085970556668247
LightGBM,FOODS_1_082_TX_3,0.9538713799862377,1.2001352662110596,True,0.20519677502878508
LightGBM,FOODS_1_105_CA_2,1.5507948351278493,1.9877052630040073,True,0.2198064451546794
LightGBM,FOODS_1_112_CA_1,0.813038682895434,1.117988648203754,True,0.27276660259321583
LightGBM,FOODS_1_130_WI_2,1.1871404220036073,1.6244320910928969,True,0.2691966450841816
LightGBM,FOODS_1_133_WI_3,1.6203016336870648,1.9114204080310526,True,0.152304941979702
LightGBM,FOODS_1_180_TX_2,0.7705021052825725,1.0713106855910004,True,0.28078556888703443
LightGBM,FOODS_1_193_CA_2,1.2607620445645973,1.4104952841064868,True,0.1061564978125693
LightGBM,FOODS_1_199_CA_1,1.303150197965989,0.9002279186773869,False,-0.44757807542846995
LightGBM,FOODS_1_209_TX_1,1.105474758412886,0.918992556038809,False,-0.20292025343260955
LightGBM,FOODS_1_219_TX_2,1.033397207293332,1.3366166213694237,True,0.22685593552280525
LightGBM,FOODS_2_010_WI_1,1.147453343501398,1.4808653400004774,True,0.22514673515079497
LightGBM,FOODS_2_031_WI_2,0.6693659356562915,0.9256092789192683,True,0.2768374832652539
LightGBM,FOODS_2_034_CA_2,0.9219259098042124,1.1345208018798765,True,0.18738739009756267
LightGBM,FOODS_2_070_WI_1,0.867056249619505,0.535923833819242,False,-0.61787215813945
LightGBM,FOODS_2_076_CA_4,2.65881244495043,1.8629341805418715,False,-0.42721759722990393
LightGBM,FOODS_2_081_TX_2,0.9328587874025375,1.018506520410011,True,0.0840914920927508
LightGBM,FOODS_2_100_CA_4,1.0283769843545294,1.121762288197178,True,0.08324874603578558
LightGBM,FOODS_2_103_WI_1,1.1138016900246108,1.3783297859733206,True,0.1919193059895392
LightGBM,FOODS_2_105_CA_3,0.8331438342481496,1.1604866701477512,True,0.282073757777782
LightGBM,FOODS_2_106_TX_3,0.922390023480957,1.0523332195753794,True,0.12348103592781667
LightGBM,FOODS_2_107_CA_1,0.7308329370493776,0.7607583427695114,True,0.03933628333432604
LightGBM,FOODS_2_113_WI_1,1.054980519241016,1.197950340793057,True,0.1193453657331015
LightGBM,FOODS_2_117_TX_3,6.008845661980094,6.054725710327235,True,0.0075775601641021595
LightGBM,FOODS_2_125_WI_2,1.041474302496875,1.295182278956319,True,0.1958859232261011
LightGBM,FOODS_2_133_WI_3,1.4233784905950329,1.396537335933323,False,-0.019219790241963963
LightGBM,FOODS_2_143_CA_3,1.0945796072835754,1.1515724114248216,True,0.049491289975182706
LightGBM,FOODS_2_152_WI_2,0.6536771661836941,0.8760791719030413,True,0.25386062453264346
LightGBM,FOODS_2_153_WI_1,1.101717140859286,1.9011325084427342,True,0.4204942917094556
LightGBM,FOODS_2_166_CA_3,0.8575785856463569,0.6509559610260172,False,-0.31741413704034205
LightGBM,FOODS_2_183_TX_3,0.7658645196789653,0.8429068529188503,True,0.09140076744316383
LightGBM,FOODS_2_223_TX_3,1.2827244477959965,0.54380081300813,False,-1.3588130379952545
LightGBM,FOODS_2_225_CA_4,1.1464093570762413,1.3209745267410922,True,0.13214877814147685
LightGBM,FOODS_2_243_CA_3,1.067651887378075,0.6237572711821757,False,-0.711646399495445
LightGBM,FOODS_2_251_WI_1,0.849503020254492,1.0804689109150094,True,0.21376449458866975
LightGBM,FOODS_2_258_CA_1,0.9765585879553785,1.1973953809269249,True,0.18443097116392138
LightGBM,FOODS_2_263_WI_3,1.415551859609916,0.5564707708914686,False,-1.5438027182311762
LightGBM,FOODS_2_267_WI_1,0.7244323087413581,1.0412657284158968,True,0.304277199400911
LightGBM,FOODS_2_275_CA_3,0.759062875058093,0.6327871669367273,False,-0.19955478669495852
LightGBM,FOODS_2_276_TX_2,0.6574081443432671,0.7826182011925313,True,0.15998868497879648
LightGBM,FOODS_2_276_WI_1,0.7276365489471578,1.0028957833196561,True,0.2744644448113749
LightGBM,FOODS_2_280_CA_4,1.6460147874681383,1.7409860423331207,True,0.0545502678112858
LightGBM,FOODS_2_295_TX_2,0.9997716433287163,1.2978066594877116,True,0.22964515860678347
LightGBM,FOODS_2_300_CA_3,1.8913530881315652,1.4197962332242506,False,-0.3321299520822396
LightGBM,FOODS_2_315_WI_1,1.1141079009857449,1.4735073246537063,True,0.24390745648476841
LightGBM,FOODS_2_320_TX_1,0.7658974547078645,0.8966056223202681,True,0.1457811153070313
LightGBM,FOODS_2_349_TX_2,0.8989211523851179,1.1652341162304565,True,0.22854888999205025
LightGBM,FOODS_2_359_WI_2,2.141864026124555,2.37811082409462,True,0.09934221549998934
LightGBM,FOODS_2_375_CA_3,0.8654588157028759,0.9140222406563014,True,0.05313155719116336
LightGBM,FOODS_2_391_WI_3,2.3948970786870567,2.8976652969911596,True,0.17350803725542796
LightGBM,FOODS_3_002_CA_1,0.7336208548581431,0.6698861242169072,False,-0.09514263445259652
LightGBM,FOODS_3_007_TX_1,0.5618970816957746,0.779495610451866,True,0.2791529879558291
LightGBM,FOODS_3_012_TX_2,1.2509615688055185,1.1803779425348777,False,-0.05979747988094508
LightGBM,FOODS_3_021_WI_3,0.4846904872626917,0.5047400453601223,True,0.03972254288467569
LightGBM,FOODS_3_037_CA_1,2.0323119838385493,2.248255177645887,True,0.09604923673897559
LightGBM,FOODS_3_050_TX_1,2.4396577116045295,0.7717855017684745,False,-2.1610566744442354
LightGBM,FOODS_3_053_TX_2,0.8507521020664026,1.114623849555419,True,0.23673613981457942
LightGBM,FOODS_3_056_WI_3,1.9088191606487235,2.4970407478615413,True,0.23556747630833386
LightGBM,FOODS_3_063_WI_3,1.14493509876925,1.254425002555697,True,0.08728294123871772
LightGBM,FOODS_3_065_WI_3,0.8247404266914242,1.0477782342934883,True,0.21286738004484063
LightGBM,FOODS_3_068_CA_1,1.4728439468466268,1.4099656771021811,False,-0.044595603116861504
LightGBM,FOODS_3_068_TX_1,3.7952474410132835,1.2380188601982431,False,-2.0655812791135935
LightGBM,FOODS_3_073_WI_3,1.2303533349009084,0.6937757909215956,False,-0.7734163558323874
LightGBM,FOODS_3_089_TX_1,0.6072462031598819,0.6419999614439341,True,0.0541335831327574
LightGBM,FOODS_3_099_CA_1,1.0546832344213495,1.0751785363051451,True,0.01906223124042994
LightGBM,FOODS_3_122_WI_3,1.0410598371475195,1.288700195226314,True,0.19216289327503777
LightGBM,FOODS_3_143_WI_2,1.6414770478041876,1.5901433054391632,False,-0.032282462963831415
LightGBM,FOODS_3_149_WI_1,2.8305415501099658,1.793281370497359,False,-0.5784146295597368
LightGBM,FOODS_3_158_WI_2,0.9335925682954455,0.7570647979295223,False,-0.23317392493839972
LightGBM,FOODS_3_173_WI_1,2.3053958035375683,1.0292696110284172,False,-1.2398366558535443
LightGBM,FOODS_3_177_TX_3,1.660290448496169,0.9844007279824415,False,-0.686600183544138
LightGBM,FOODS_3_181_WI_3,1.1270747146764342,1.4700484824711912,True,0.23330779350774122
LightGBM,FOODS_3_222_WI_3,1.496790278101129,1.2175995500509524,False,-0.22929601775763908
LightGBM,FOODS_3_234_TX_3,0.4918790915486133,0.536731719174649,True,0.0835661952213429
LightGBM,FOODS_3_261_CA_3,4.131429180372768,5.87361016114674,True,0.29661161244549383
LightGBM,FOODS_3_271_TX_2,0.690728113272519,0.5026064952818692,False,-0.37429205503034435
LightGBM,FOODS_3_279_TX_2,1.6646762469946241,1.0321581579960788,False,-0.6128112093078553
LightGBM,FOODS_3_285_TX_3,1.1503942395102498,1.2567573659905988,True,0.08463298434420696
LightGBM,FOODS_3_286_WI_1,1.4446868044485344,1.3326878130414441,False,-0.084039930665748
LightGBM,FOODS_3_304_CA_1,0.9100812719279107,1.1011984663224115,True,0.17355381453877272
LightGBM,FOODS_3_351_TX_3,1.2439055278097708,1.4581869548727324,True,0.1469505856892429
LightGBM,FOODS_3_354_CA_4,0.8902175149241174,0.857744689908799,False,-0.037858380701571104
LightGBM,FOODS_3_387_WI_2,2.1850025117586185,2.446166487587402,True,0.10676459560459572
LightGBM,FOODS_3_392_CA_3,0.9873438469645961,1.3627520668984276,True,0.2754780044386552
LightGBM,FOODS_3_414_CA_4,1.61038081700922,2.1983269409957016,True,0.2674516301566042
LightGBM,FOODS_3_427_TX_2,1.2994215678379668,1.0458876796132561,False,-0.24241024458616955
LightGBM,FOODS_3_465_CA_2,1.7924197645845354,1.8325306783028574,True,0.021888263150644516
LightGBM,FOODS_3_491_CA_4,0.7512147634293105,0.9465134693516388,True,0.20633484070343744
LightGBM,FOODS_3_498_CA_1,0.7330351700817836,0.907634729634972,True,0.19236764950963037
LightGBM,FOODS_3_503_WI_2,0.7245223994030778,0.9330403133622442,True,0.22348221290435422
LightGBM,FOODS_3_519_CA_4,0.8290452745479882,1.055662596897488,True,0.2146683258604699
LightGBM,FOODS_3_520_TX_2,0.9386327933146423,1.1130864296201903,True,0.15672964081062013
LightGBM,FOODS_3_533_WI_1,0.888548584178139,0.8499372240654849,False,-0.045428484621446774
LightGBM,FOODS_3_534_TX_3,0.9492832787348341,1.1948422609739744,True,0.20551581598643254
LightGBM,FOODS_3_556_WI_2,1.4792764181692197,1.0504139185171408,False,-0.4082795287571017
LightGBM,FOODS_3_558_CA_3,1.143287627626073,1.2048857032172535,True,0.05112358410984785
LightGBM,FOODS_3_565_CA_1,0.7992924151425912,1.039030729050423,True,0.23073265034897505
LightGBM,FOODS_3_565_TX_2,0.7788713751478702,1.1700383568883532,True,0.33431979339614826
LightGBM,FOODS_3_572_WI_3,2.450315755185106,2.176504982886698,False,-0.12580296137675395
LightGBM,FOODS_3_593_WI_1,1.2260918986876712,0.8372014130681893,False,-0.464512457276284
LightGBM,FOODS_3_609_CA_3,1.0015846860576545,1.249926680538052,True,0.19868524958079503
LightGBM,FOODS_3_612_CA_1,0.9410010368124249,1.2336262229054007,True,0.23720733286926532
LightGBM,FOODS_3_622_WI_2,1.0962749175861135,1.3994384875348171,True,0.2166322940586991
LightGBM,FOODS_3_631_TX_3,1.4385486253980289,0.8428768253896604,False,-0.7067127509799436
LightGBM,FOODS_3_635_WI_3,1.1300943326205761,1.0197511915269593,False,-0.1082059447544168
LightGBM,FOODS_3_665_CA_1,0.7266355937877851,0.7945683505761788,True,0.08549642927399825
LightGBM,FOODS_3_675_WI_2,1.1865780434552913,1.4259962107319906,True,0.167895374107482
LightGBM,FOODS_3_678_CA_1,0.605169335434858,0.6873749149624085,True,0.11959351110746641
LightGBM,FOODS_3_681_CA_4,0.8741893109878871,1.3919073745900747,True,0.3719486461911008
LightGBM,FOODS_3_684_WI_2,0.9118707128842649,1.0989794659097636,True,0.17025682356185357
LightGBM,FOODS_3_686_WI_2,1.3073804022882438,1.1081739247493831,False,-0.17976102224559365
LightGBM,FOODS_3_709_CA_3,1.1298810668955839,1.1943238335526656,True,0.0539575321589193
LightGBM,FOODS_3_717_CA_1,0.9532669015531171,1.098337534408787,True,0.1320820133254923
LightGBM,FOODS_3_731_WI_3,1.2596573000509603,1.36799205498693,True,0.0791925322526853
LightGBM,FOODS_3_742_TX_2,1.2462425712963923,1.5142096411750017,True,0.17696827611708466
LightGBM,FOODS_3_744_CA_4,0.6004976043502379,0.7837158581303644,True,0.23378148072339977
LightGBM,FOODS_3_752_TX_2,0.7390862231922328,1.0439632127330947,True,0.29203805825944207
LightGBM,FOODS_3_766_TX_1,1.401415451075959,0.8365405151002924,False,-0.6752511393999181
LightGBM,FOODS_3_779_WI_2,1.8985272533549253,1.5127349955957201,False,-0.25502963763146025
LightGBM,FOODS_3_795_CA_4,1.0007873658911015,1.1583239479958662,True,0.13600390665956164
LightGBM,FOODS_3_802_TX_3,1.5574462623471177,1.0493458646884246,False,-0.48420679468685957
LightGBM,FOODS_3_803_CA_3,0.7646198691426448,0.8517563304953832,True,0.10230210006429852
LightGBM,FOODS_3_820_CA_1,0.7351175247699384,1.0441124956240388,True,0.29594030542601846
LightGBM,HOBBIES_1_003_WI_2,2.6564938293981806,1.7027668023073133,False,-0.56010431128827
LightGBM,HOBBIES_1_018_CA_1,4.704948985342693,0.9103176354389946,False,-4.168469556314553
LightGBM,HOBBIES_1_018_TX_3,2.266032241258064,1.9003781195124319,False,-0.19241124594690961
LightGBM,HOBBIES_1_033_TX_3,2.5557421516053145,1.2491418835706787,False,-1.045998285078483
LightGBM,HOBBIES_1_044_CA_4,0.9986551904839425,0.8459312973584081,False,-0.1805393577497909
LightGBM,HOBBIES_1_062_TX_2,2.3548659346751264,1.214349031914135,False,-0.9392002404475386
LightGBM,HOBBIES_1_076_CA_3,1.7170957666044169,1.998728238708769,True,0.14090583534572676
LightGBM,HOBBIES_1_077_CA_1,3.180494997614508,2.80013272939927,False,-0.13583722807912735
LightGBM,HOBBIES_1_085_TX_1,1.199590173794701,1.096764071103889,False,-0.0937540765602558
LightGBM,HOBBIES_1_102_WI_1,1.2027347000305726,1.1351594907236313,False,-0.05952926426564442
LightGBM,HOBBIES_1_112_CA_1,56.03205446101768,9.273809523809524,False,-5.0419673616501735
LightGBM,HOBBIES_1_112_CA_4,111.54179458604536,15.932589285714286,False,-6.000857963875188
LightGBM,HOBBIES_1_124_WI_3,1.2322298372984424,0.9547821449712431,False,-0.29058743273373167
LightGBM,HOBBIES_1_130_CA_4,1.2018383793961236,1.608176965237747,True,0.25267031839468723
LightGBM,HOBBIES_1_148_CA_4,0.7217925983848101,0.8387487882791264,True,0.13944126242408883
LightGBM,HOBBIES_1_157_CA_4,0.982873526418681,0.7986525134559983,False,-0.23066478832640946
LightGBM,HOBBIES_1_173_CA_3,0.7857126853620661,0.8605150997062162,True,0.08692748607164247
LightGBM,HOBBIES_1_184_TX_1,4.051531088313439,1.2707763601130107,False,-2.188232969610117
LightGBM,HOBBIES_1_192_CA_2,7.4391270290793345,2.422352514588151,False,-2.0710340399585223
LightGBM,HOBBIES_1_230_TX_2,2.3379549038783054,1.3145377942843806,False,-0.778537607700402
LightGBM,HOBBIES_1_240_TX_2,1.3286244694289224,1.5968757576114876,True,0.16798507141457242
LightGBM,HOBBIES_1_244_CA_3,0.8064805443532548,0.8075765186180079,True,0.0013571150714345448
LightGBM,HOBBIES_1_268_TX_1,0.9489508956868193,1.1383874004391168,True,0.16640776652941258
LightGBM,HOBBIES_1_271_TX_1,1.364723890762134,1.2546597739658645,False,-0.08772427320943499
LightGBM,HOBBIES_1_278_TX_2,1.1538757859431683,1.1865264116282859,True,0.027517824605615582
LightGBM,HOBBIES_1_279_TX_1,1.1862279692464608,1.5177325516290159,True,0.21842094776628718
LightGBM,HOBBIES_1_297_CA_1,1.1879283391140363,1.3871739399861744,True,0.14363418683753815
LightGBM,HOBBIES_1_299_TX_3,1.1832762099038792,1.1449239896560843,False,-0.03349761258764006
LightGBM,HOBBIES_1_306_CA_2,0.9506573077543673,1.0858956106959226,True,0.12454079527486484
LightGBM,HOBBIES_1_307_WI_2,1.5843845015240554,1.1471539794130654,False,-0.3811437086542615
LightGBM,HOBBIES_1_308_WI_3,1.7911688913284227,1.0130969640761327,False,-0.7680132848506089
LightGBM,HOBBIES_1_317_TX_1,1.0406330394213255,1.1105414037408396,True,0.06294980455841548
LightGBM,HOBBIES_1_320_CA_2,1.010361202538164,1.1845626057517586,True,0.14705968461923646
LightGBM,HOBBIES_1_324_CA_1,1.0946597800975189,1.4640093442361788,True,0.25228634338489253
LightGBM,HOBBIES_1_335_TX_3,46.435508979898096,38.504464285714285,False,-0.2059772766953245
LightGBM,HOBBIES_1_340_WI_1,5.289923557367049,1.1300562454196017,False,-3.6811152797114497
LightGBM,HOBBIES_1_341_WI_3,0.7581416341212225,0.9119652937997791,True,0.16867271235469672
LightGBM,HOBBIES_1_342_TX_3,1.3709130449428595,1.08397425715741,False,-0.26470996510370215
LightGBM,HOBBIES_1_343_TX_2,0.9988716483687722,1.1633471521407601,True,0.14138127511579368
LightGBM,HOBBIES_1_345_WI_1,0.8483326822753119,1.0443373615035842,True,0.18768329703925823
LightGBM,HOBBIES_1_346_TX_2,1.3498782074120896,1.1507442426100525,False,-0.17304797836778474
LightGBM,HOBBIES_1_355_TX_1,2.9157282903329773,2.5843932798898517,False,-0.1282061105101029
LightGBM,HOBBIES_1_369_CA_1,1.0088578124950045,1.0404393066367692,True,0.03035399945034012
LightGBM,HOBBIES_1_371_TX_3,0.5401889491997743,0.6552286046361631,True,0.17557178459916023
LightGBM,HOBBIES_1_373_WI_1,0.7344328706480643,0.9016229889029954,True,0.18543240391236182
LightGBM,HOBBIES_1_375_TX_1,3.1659237189888305,2.232178580214987,False,-0.41831112754603716
LightGBM,HOBBIES_1_393_TX_1,2.7735591697738955,0.8828405831219025,False,-2.1416308026597854
LightGBM,HOBBIES_1_398_WI_1,1.0000450377526793,1.3289470091160034,True,0.24749065922658953
LightGBM,HOBBIES_1_413_TX_3,1.4455755674385848,1.6953537856709213,True,0.14733102927746078
LightGBM,HOBBIES_1_417_WI_2,1.0345167778388626,1.3596495991422417,True,0.23912986221486376
LightGBM,HOBBIES_1_421_WI_3,2.819919455562585,1.7754341919702934,False,-0.5882984952729624
LightGBM,HOBBIES_2_001_TX_1,5.979937689052877,0.8464966035320918,False,-6.064337487121612
LightGBM,HOBBIES_2_003_CA_4,2.001364276565002,0.9680456936673592,False,-1.0674274878316985
LightGBM,HOBBIES_2_033_CA_1,1.0804975558188044,1.549983375857891,True,0.3028973260950194
LightGBM,HOBBIES_2_044_TX_2,1.8939495137844102,1.0995877634406797,False,-0.7224177794213738
LightGBM,HOBBIES_2_044_WI_2,1.3231972952200288,0.6540056120922759,False,-1.0232200928473598
LightGBM,HOBBIES_2_045_CA_3,2.2541995217812034,1.1178549013991357,False,-1.0165403568565026
LightGBM,HOBBIES_2_060_TX_3,1.5532011142149413,0.5034457350673434,False,-2.085141070878627
LightGBM,HOBBIES_2_068_CA_3,1.3194225776438981,1.1170422846943366,False,-0.18117514056770023
LightGBM,HOBBIES_2_071_TX_2,1.1421804160499172,1.2778539998587948,True,0.10617299302101002
LightGBM,HOBBIES_2_080_TX_1,3.7877957466116254,0.5423422784639959,False,-5.984142481643322
LightGBM,HOBBIES_2_081_TX_2,1.0656968542711363,1.0545577867078961,False,-0.010562785371879713
LightGBM,HOBBIES_2_096_WI_2,3.1022172678026303,0.8053480168504726,False,-2.8520207449379154
LightGBM,HOBBIES_2_098_TX_3,1.70791484623118,1.674494423824373,False,-0.01995851519796532
LightGBM,HOBBIES_2_112_WI_3,4.957674754531518,1.519452605690073,False,-2.2628031542187825
LightGBM,HOBBIES_2_116_TX_1,2.572557072176671,1.628599572005838,False,-0.5796130100956758
LightGBM,HOBBIES_2_148_WI_2,2.1709147283350827,0.4883599694025641,False,-3.445316701511949
LightGBM,HOUSEHOLD_1_023_WI_1,1.1955690901904839,1.0346928609763553,False,-0.15548210998800438
LightGBM,HOUSEHOLD_1_024_TX_1,0.7811147791794337,0.8489096529506406,True,0.07986111777097293
LightGBM,HOUSEHOLD_1_078_WI_2,0.8845843700059494,1.1843977495315212,True,0.25313572205296786
LightGBM,HOUSEHOLD_1_088_CA_3,0.9659814009929879,1.2551170001755145,True,0.2303654552859169
LightGBM,HOUSEHOLD_1_093_WI_2,0.823496150907649,1.0378392685643085,True,0.20652824011291293
LightGBM,HOUSEHOLD_1_115_WI_1,0.9761149720852288,1.0312088376598953,True,0.05342648701468666
LightGBM,HOUSEHOLD_1_122_CA_3,0.8962224025173338,1.087519447018792,True,0.17590218273876324
LightGBM,HOUSEHOLD_1_130_CA_3,0.8495894516182487,1.0721711085027053,True,0.20759900646389684
LightGBM,HOUSEHOLD_1_140_TX_1,1.1959754897188897,1.4431196227048049,True,0.17125685847351924
LightGBM,HOUSEHOLD_1_147_CA_1,0.8791704554907667,1.1516735668516604,True,0.2366148874162648
LightGBM,HOUSEHOLD_1_157_CA_4,1.3949405502413517,1.1744505816508388,False,-0.18773882190988944
LightGBM,HOUSEHOLD_1_162_WI_1,0.541457966566004,0.5969313216542176,True,0.09293088346325284
LightGBM,HOUSEHOLD_1_165_WI_3,1.0376646708952868,0.6096485075525331,False,-0.7020703865265705
LightGBM,HOUSEHOLD_1_166_WI_1,1.183805375348907,1.0876121020033231,False,-0.08844446762628055
LightGBM,HOUSEHOLD_1_170_CA_4,1.086348462998206,0.9507294256920724,False,-0.1426473543799398
LightGBM,HOUSEHOLD_1_177_TX_2,0.947146062786208,0.9263089193697007,False,-0.022494810295776713
LightGBM,HOUSEHOLD_1_195_CA_2,1.205193366083439,0.9723311445203004,False,-0.23948859694093327
LightGBM,HOUSEHOLD_1_198_CA_1,0.7012808045047589,0.8158841054570883,True,0.1404651716901929
LightGBM,HOUSEHOLD_1_198_WI_1,0.9442499343636702,1.1996079598974962,True,0.21286789857216837
LightGBM,HOUSEHOLD_1_204_CA_2,0.9870374751006578,0.9612827631710311,False,-0.026792025110975892
LightGBM,HOUSEHOLD_1_204_TX_3,1.0983103625080273,0.5613175240483406,False,-0.956665016596633
LightGBM,HOUSEHOLD_1_215_TX_3,0.7059681347789749,0.9404820317773199,True,0.2493549999622655
LightGBM,HOUSEHOLD_1_239_CA_3,0.9522934255561019,1.2038898798527558,True,0.20898626901608797
LightGBM,HOUSEHOLD_1_262_TX_1,0.8816212000836781,1.1656259327840521,True,0.24364997784670062
LightGBM,HOUSEHOLD_1_278_TX_2,1.177509152663315,0.7150253409251681,False,-0.6468075818679953
LightGBM,HOUSEHOLD_1_295_CA_3,0.9349914438611231,0.9506467340315168,True,0.016468041818228807
LightGBM,HOUSEHOLD_1_312_WI_3,1.623825000533771,0.6857054525450477,False,-1.368108631055538
LightGBM,HOUSEHOLD_1_320_CA_4,2.0144196710594398,1.4078669626612172,False,-0.43083098366885997
LightGBM,HOUSEHOLD_1_323_CA_2,2.8144295026168584,0.9441404346531237,False,-1.9809437233253093
LightGBM,HOUSEHOLD_1_323_TX_1,1.237099147084167,1.1773868578998226,False,-0.05071594674570856
LightGBM,HOUSEHOLD_1_324_CA_4,1.7085195874049859,1.0710037724054677,False,-0.5952507651468506
LightGBM,HOUSEHOLD_1_325_CA_1,0.6867313130617722,0.7393887714704658,True,0.07121755217349413
LightGBM,HOUSEHOLD_1_342_WI_2,0.7815490955090207,0.8103338755551939,True,0.035522123552407914
LightGBM,HOUSEHOLD_1_357_CA_1,1.525000511730314,1.3214536072493939,False,-0.15403257697756279
LightGBM,HOUSEHOLD_1_360_WI_2,1.7433497565771763,1.2534064394917872,False,-0.39088942074052535
LightGBM,HOUSEHOLD_1_375_CA_2,0.8508785091949642,0.935506342519207,True,0.09046206260488843
LightGBM,HOUSEHOLD_1_379_CA_3,1.0906136409242486,1.495889513439765,True,0.2709263410661884
LightGBM,HOUSEHOLD_1_384_CA_4,1.7699910036936364,1.3191798095672218,False,-0.3417359717431625
LightGBM,HOUSEHOLD_1_387_CA_2,0.7378235991257014,0.9995937183275139,True,0.26187651483024255
LightGBM,HOUSEHOLD_1_387_WI_3,0.6185817182183244,0.9216893276757678,True,0.32886092998580396
LightGBM,HOUSEHOLD_1_414_CA_2,1.3811787271752138,1.5956826987289323,True,0.13442771029891165
LightGBM,HOUSEHOLD_1_422_TX_3,1.0034107826393865,1.3092475519509206,True,0.23359735815874094
LightGBM,HOUSEHOLD_1_425_WI_2,0.8513643231875828,1.0596177397617295,True,0.19653636284059894
LightGBM,HOUSEHOLD_1_434_WI_1,0.8906011009120477,1.0253640903125922,True,0.1314294021740714
LightGBM,HOUSEHOLD_1_454_CA_1,0.9589932042431056,1.1435237059260959,True,0.16137007105903944
LightGBM,HOUSEHOLD_1_465_CA_2,0.7987660296491688,1.0669110188886757,True,0.25132835306060874
LightGBM,HOUSEHOLD_1_466_TX_1,2.7118346261726365,0.5999553454412628,False,-3.520060779153658
LightGBM,HOUSEHOLD_1_468_CA_2,0.8808590770511733,1.0431591917356078,True,0.1555851839012219
LightGBM,HOUSEHOLD_1_503_CA_2,0.7021513141206454,0.9268699817864207,True,0.2424489648835746
LightGBM,HOUSEHOLD_1_510_TX_2,0.8022945511356406,0.8672041199659589,True,0.07484923945341293
LightGBM,HOUSEHOLD_1_537_TX_2,0.6662044684651762,0.8357743014677987,True,0.2028895034279249
LightGBM,HOUSEHOLD_2_014_WI_3,3.803719740092703,1.0162146775856657,False,-2.7430277519014226
LightGBM,HOUSEHOLD_2_020_CA_4,2.4606455100786753,1.2910088314104244,False,-0.9059865821292834
LightGBM,HOUSEHOLD_2_029_TX_1,1.9435790918963698,1.162508413972711,False,-0.6718838922244512
LightGBM,HOUSEHOLD_2_041_TX_2,1.7453334039321238,0.7024848842919823,False,-1.4845138208079787
LightGBM,HOUSEHOLD_2_047_CA_1,1.2403177154070504,1.4737965033787037,True,0.15841996329642472
LightGBM,HOUSEHOLD_2_054_CA_4,1.146346244169517,0.7311473672042976,False,-0.5678730384447985
LightGBM,HOUSEHOLD_2_055_TX_1,1.4531499061794917,0.739135559034087,False,-0.9660127136603858
LightGBM,HOUSEHOLD_2_058_TX_2,1.6885503466350555,1.6520049922328293,False,-0.022121818380725466
LightGBM,HOUSEHOLD_2_060_CA_4,7.0430593301598945,1.0014823843462823,False,-6.032634263214976
LightGBM,HOUSEHOLD_2_070_CA_3,0.7013355970637112,0.4775699067489436,False,-0.46855065018240394
LightGBM,HOUSEHOLD_2_075_WI_3,0.799999898905539,0.7381011912531052,False,-0.08386208881108259
LightGBM,HOUSEHOLD_2_076_CA_3,1.04954469966601,1.336247345263478,True,0.21455806562589397
LightGBM,HOUSEHOLD_2_076_WI_3,2.0351688727863735,1.7365983392809572,False,-0.17192837673047645
LightGBM,HOUSEHOLD_2_105_WI_1,1.9873572636145482,0.6444457319243723,False,-2.083824075737336
LightGBM,HOUSEHOLD_2_108_TX_1,9.170438560207733,0.13856456043956045,False,-65.18170281864911
LightGBM,HOUSEHOLD_2_116_CA_2,1.7981894373994494,1.710491757206281,False,-0.051270448877464014
LightGBM,HOUSEHOLD_2_123_TX_1,2.687902498736554,3.183157136673551,True,0.1555859848171196
LightGBM,HOUSEHOLD_2_131_WI_2,5.8811014152352445,0.6373248484176279,False,-8.227792435579824
LightGBM,HOUSEHOLD_2_148_CA_2,1.4319751582509428,1.0005110728216307,False,-0.43124368850061967
LightGBM,HOUSEHOLD_2_155_CA_1,1.4428714906129998,1.8365560360530706,True,0.2143602142878991
LightGBM,HOUSEHOLD_2_213_WI_1,0.6526650582484292,0.8283762003364894,True,0.21211515011740523
LightGBM,HOUSEHOLD_2_230_WI_3,7.424843955282364,0.32098237879154723,False,-22.13162480518663
LightGBM,HOUSEHOLD_2_236_TX_2,1.2511420508724185,0.9474563464476558,False,-0.32052738425721294
LightGBM,HOUSEHOLD_2_263_TX_2,1.5516714476850053,1.2796079617770832,False,-0.21261471797197018
LightGBM,HOUSEHOLD_2_269_TX_3,5.597413401584442,0.3960814660787517,False,-13.13197506310867
LightGBM,HOUSEHOLD_2_271_TX_3,2.919380799261316,1.5347216334218432,False,-0.902221703066902
LightGBM,HOUSEHOLD_2_276_WI_3,2.0749236911690168,0.7670854491584608,False,-1.7049446622215738
LightGBM,HOUSEHOLD_2_287_CA_3,1.3350394400584493,0.8076517057183054,False,-0.6529890676960788
LightGBM,HOUSEHOLD_2_309_CA_1,8.223196011881338,0.730543437421725,False,-10.25627250982242
LightGBM,HOUSEHOLD_2_325_WI_3,0.9853329371375009,0.6357313205812962,False,-0.5499203912692834
LightGBM,HOUSEHOLD_2_347_WI_2,5.164536074719698,0.5684830980724234,False,-8.084766270503522
LightGBM,HOUSEHOLD_2_349_TX_2,1.4822625813468695,1.2464763405259667,False,-0.18916222727613885
LightGBM,HOUSEHOLD_2_361_CA_1,1.2309424500971802,0.6431350442511765,False,-0.9139719738494538
LightGBM,HOUSEHOLD_2_374_CA_4,0.9175296244058211,0.5420233353971826,False,-0.6927862039989032
LightGBM,HOUSEHOLD_2_391_TX_3,4.439904337496911,1.1306713479634372,False,-2.926785927222846
LightGBM,HOUSEHOLD_2_406_TX_3,2.2255236012002846,1.0974530268989156,False,-1.0278987315648211
LightGBM,HOUSEHOLD_2_414_WI_1,3.739600752300018,0.4881672355659999,False,-6.660491077333736
LightGBM,HOUSEHOLD_2_416_WI_2,1.432745359202649,1.4273051637088348,False,-0.0038115153172135763
LightGBM,HOUSEHOLD_2_417_CA_1,1.0904699110502842,0.4631341931858523,False,-1.3545441625656145
LightGBM,HOUSEHOLD_2_421_WI_1,0.9775493827863393,0.753259157392115,False,-0.2977597061956039
LightGBM,HOUSEHOLD_2_425_CA_2,2.3966318733925274,1.2535996302277201,False,-0.9118000800280803
LightGBM,HOUSEHOLD_2_428_WI_2,11.736664730701193,2.0638947790110582,False,-4.68665847215572
LightGBM,HOUSEHOLD_2_433_WI_2,3.524342874946403,1.4329689588319936,False,-1.459469099609163
LightGBM,HOUSEHOLD_2_464_CA_2,2.480913758965068,0.9863451877822447,False,-1.5152591503419783
LightGBM,HOUSEHOLD_2_466_WI_2,1.828051870710469,1.5571849980662815,False,-0.1739464951053029
LightGBM,HOUSEHOLD_2_467_TX_1,0.9764000450079182,1.0790627777740114,True,0.09514064879327522
LightGBM,HOUSEHOLD_2_471_WI_1,1.7146034679332292,1.6543033439963977,False,-0.03645046366838689
LightGBM,HOUSEHOLD_2_472_TX_1,1.0311782001990775,1.0104267113227998,False,-0.02053735183733507
LightGBM,HOUSEHOLD_2_474_TX_2,5.638115658176331,0.5747030498245809,False,-8.810485014647613
LightGBM,HOUSEHOLD_2_485_TX_1,0.9513904388409866,0.999923975576985,True,0.04853722675065686
LightGBM,HOUSEHOLD_2_485_TX_2,1.297495663211577,0.9184232464984197,False,-0.41274261965646986
LightGBM,HOUSEHOLD_2_489_CA_2,1.852951184092647,1.056492841798884,False,-0.7538700791740702
LightGBM,HOUSEHOLD_2_508_CA_2,1.4093842810484543,1.3302226607419252,False,-0.059510052446691164
NHITS,FOODS_1_017_WI_3,1.859433686952706,2.309613989663556,True,0.19491581914795575
NHITS,FOODS_1_021_TX_2,0.17136117558628894,0.22766662926700043,True,0.24731535694095153
NHITS,FOODS_1_029_TX_2,1.0602175227814976,1.4880280721939558,True,0.28750166573248326
NHITS,FOODS_1_042_TX_1,1.0425968947251656,1.2418820224517897,True,0.16047025733828146
NHITS,FOODS_1_054_TX_3,0.4815160500355501,0.5238886750158667,True,0.08088097147553963
NHITS,FOODS_1_070_CA_2,1.2907201071828904,1.9001590499403846,True,0.320730489785376
NHITS,FOODS_1_071_TX_1,0.5254601580029798,1.0749993158291469,True,0.5111995419292965
NHITS,FOODS_1_082_TX_3,0.7771193437083505,1.2001352662110596,True,0.35247353728568476
NHITS,FOODS_1_105_CA_2,1.5656931164491144,1.9877052630040073,True,0.21231122863613516
NHITS,FOODS_1_112_CA_1,0.7328177493220003,1.117988648203754,True,0.34452129679545385
NHITS,FOODS_1_130_WI_2,1.2229211902903714,1.6244320910928969,True,0.24717001283346607
NHITS,FOODS_1_133_WI_3,1.4881971282958364,1.9114204080310526,True,0.22141820708672721
NHITS,FOODS_1_180_TX_2,0.8158039907999035,1.0713106855910004,True,0.23849915643298547
NHITS,FOODS_1_193_CA_2,0.7828067292706027,1.4104952841064868,True,0.4450128702369317
NHITS,FOODS_1_199_CA_1,0.7068274610432047,0.9002279186773869,True,0.2148349919188529
NHITS,FOODS_1_209_TX_1,0.8506218871682909,0.918992556038809,True,0.07439741314687087
NHITS,FOODS_1_219_TX_2,1.0652858920663781,1.3366166213694237,True,0.20299817087794036
NHITS,FOODS_2_010_WI_1,1.1257572135587555,1.4808653400004774,True,0.23979771613913758
NHITS,FOODS_2_031_WI_2,0.7692100376800137,0.9256092789192683,True,0.1689689643365121
NHITS,FOODS_2_034_CA_2,0.806880428483151,1.1345208018798765,True,0.28879186071672946
NHITS,FOODS_2_070_WI_1,0.6068025853027879,0.535923833819242,False,-0.13225527026561013
NHITS,FOODS_2_076_CA_4,0.8808769510664004,1.8629341805418715,True,0.5271561602835695
NHITS,FOODS_2_081_TX_2,0.8557879006853479,1.018506520410011,True,0.15976198135595532
NHITS,FOODS_2_100_CA_4,0.9550751935627262,1.121762288197178,True,0.14859395469813863
NHITS,FOODS_2_103_WI_1,1.0950493374283141,1.3783297859733206,True,0.20552443357738603
NHITS,FOODS_2_105_CA_3,0.6849395215647132,1.1604866701477512,True,0.40978251695255763
NHITS,FOODS_2_106_TX_3,0.8599880543334195,1.0523332195753794,True,0.18277971431859952
NHITS,FOODS_2_107_CA_1,0.7251859443175275,0.7607583427695114,True,0.04675913026794287
NHITS,FOODS_2_113_WI_1,1.054058618578202,1.197950340793057,True,0.12011493074044877
NHITS,FOODS_2_117_TX_3,6.3104127362415054,6.054725710327235,False,-0.04222933261504447
NHITS,FOODS_2_125_WI_2,0.9174632467118473,1.295182278956319,True,0.29163387917015393
NHITS,FOODS_2_133_WI_3,1.0435183624275264,1.396537335933323,True,0.2527816223902598
NHITS,FOODS_2_143_CA_3,1.1047080555853408,1.1515724114248216,True,0.040695969592998704
NHITS,FOODS_2_152_WI_2,0.6866088846087233,0.8760791719030413,True,0.2162707359915268
NHITS,FOODS_2_153_WI_1,1.1962949652437753,1.9011325084427342,True,0.37074614213835577
NHITS,FOODS_2_166_CA_3,0.6679590001885118,0.6509559610260172,False,-0.026120106705367574
NHITS,FOODS_2_183_TX_3,0.6702503523459344,0.8429068529188503,True,0.2048346148510174
NHITS,FOODS_2_223_TX_3,0.37157523500930495,0.54380081300813,True,0.31670709914192463
NHITS,FOODS_2_225_CA_4,1.0160026938008746,1.3209745267410922,True,0.230868822045038
NHITS,FOODS_2_243_CA_3,0.5518644272846878,0.6237572711821757,True,0.11525772478969754
NHITS,FOODS_2_251_WI_1,0.7596277485238536,1.0804689109150094,True,0.2969462232091872
NHITS,FOODS_2_258_CA_1,0.9149602371226748,1.1973953809269249,True,0.23587458938217387
NHITS,FOODS_2_263_WI_3,0.41216459699288804,0.5564707708914686,True,0.25932390602906497
NHITS,FOODS_2_267_WI_1,0.6992584435877777,1.0412657284158968,True,0.3284534153913077
NHITS,FOODS_2_275_CA_3,0.6187482547216379,0.6327871669367273,True,0.022185835852283065
NHITS,FOODS_2_276_TX_2,0.6156519954657,0.7826182011925313,True,0.2133431160589071
NHITS,FOODS_2_276_WI_1,0.68697238341033,1.0028957833196561,True,0.31501119574318814
NHITS,FOODS_2_280_CA_4,1.396126383496145,1.7409860423331207,True,0.19808295440141743
NHITS,FOODS_2_295_TX_2,0.9570141905351088,1.2978066594877116,True,0.2625910927958446
NHITS,FOODS_2_300_CA_3,0.8580214614944621,1.4197962332242506,True,0.39567281457990644
NHITS,FOODS_2_315_WI_1,1.0392668646345986,1.4735073246537063,True,0.29469854187603706
NHITS,FOODS_2_320_TX_1,0.6805564678188882,0.8966056223202681,True,0.24096341705094393
NHITS,FOODS_2_349_TX_2,0.846265956780862,1.1652341162304565,True,0.27373740178622596
NHITS,FOODS_2_359_WI_2,1.9460277722027257,2.37811082409462,True,0.18169172248580734
NHITS,FOODS_2_375_CA_3,0.7800668322948361,0.9140222406563014,True,0.14655596155437145
NHITS,FOODS_2_391_WI_3,2.513507205526586,2.8976652969911596,True,0.13257503958910322
NHITS,FOODS_3_002_CA_1,0.6051173990959157,0.6698861242169072,True,0.09668617214113184
NHITS,FOODS_3_007_TX_1,0.4407201450377356,0.779495610451866,True,0.43460856080734767
NHITS,FOODS_3_012_TX_2,0.8608925147879762,1.1803779425348777,True,0.2706636715531995
NHITS,FOODS_3_021_WI_3,0.4199124725217875,0.5047400453601223,True,0.16806190358407558
NHITS,FOODS_3_037_CA_1,2.066299544862495,2.248255177645887,True,0.08093193094474027
NHITS,FOODS_3_050_TX_1,0.3910118508347899,0.7717855017684745,True,0.4933671986078739
NHITS,FOODS_3_053_TX_2,0.7511946624680284,1.114623849555419,True,0.32605545559818117
NHITS,FOODS_3_056_WI_3,1.159829295497712,2.4970407478615413,True,0.5355184746220154
NHITS,FOODS_3_063_WI_3,1.0661244066983298,1.254425002555697,True,0.15010909019968033
NHITS,FOODS_3_065_WI_3,0.842802976573185,1.0477782342934883,True,0.1956284746251835
NHITS,FOODS_3_068_CA_1,1.378588436637438,1.4099656771021811,True,0.022253903746955794
NHITS,FOODS_3_068_TX_1,0.8133753990874082,1.2380188601982431,True,0.3430024168152309
NHITS,FOODS_3_073_WI_3,0.6938364236478409,0.6937757909215956,False,-8.739527530177149e-05
NHITS,FOODS_3_089_TX_1,0.6016231314832918,0.6419999614439341,True,0.06289226228274225
NHITS,FOODS_3_099_CA_1,0.8449424825608236,1.0751785363051451,True,0.2141375092322142
NHITS,FOODS_3_122_WI_3,1.0303040426248786,1.288700195226314,True,0.20050912815766064
NHITS,FOODS_3_143_WI_2,1.5046853835769844,1.5901433054391632,True,0.05374227691923472
NHITS,FOODS_3_149_WI_1,1.5913723329209883,1.793281370497359,True,0.11259194507796177
NHITS,FOODS_3_158_WI_2,0.5109425376327092,0.7570647979295223,True,0.325100653167241
NHITS,FOODS_3_173_WI_1,0.46396858757825876,1.0292696110284172,True,0.5492254093515163
NHITS,FOODS_3_177_TX_3,0.7102307535422004,0.9844007279824415,True,0.2785145994377316
NHITS,FOODS_3_181_WI_3,1.0331469231327517,1.4700484824711912,True,0.2972021430231989
NHITS,FOODS_3_222_WI_3,0.9192683799405619,1.2175995500509524,True,0.24501583471996713
NHITS,FOODS_3_234_TX_3,0.5089615079405513,0.536731719174649,True,0.05173946357558479
NHITS,FOODS_3_261_CA_3,4.476057767560622,5.87361016114674,True,0.23793754696741143
NHITS,FOODS_3_271_TX_2,0.4421490609032587,0.5026064952818692,True,0.12028780954115026
NHITS,FOODS_3_279_TX_2,0.7606638808150828,1.0321581579960788,True,0.263035538766751
NHITS,FOODS_3_285_TX_3,1.1251492992404193,1.2567573659905988,True,0.10472034643412942
NHITS,FOODS_3_286_WI_1,0.8933427247803324,1.3326878130414441,True,0.32966842193780077
NHITS,FOODS_3_304_CA_1,0.8122325352627482,1.1011984663224115,True,0.26241040093771717
NHITS,FOODS_3_351_TX_3,1.1630553618914425,1.4581869548727324,True,0.20239626475539851
NHITS,FOODS_3_354_CA_4,0.6576988997425962,0.857744689908799,True,0.23322300040991573
NHITS,FOODS_3_387_WI_2,2.0772098544897095,2.446166487587402,True,0.15083054852148914
NHITS,FOODS_3_392_CA_3,0.8320442675967308,1.3627520668984276,True,0.38943826407804893
NHITS,FOODS_3_414_CA_4,1.4447704993794814,2.1983269409957016,True,0.34278633790245383
NHITS,FOODS_3_427_TX_2,0.7827855099431092,1.0458876796132561,True,0.2515587235595276
NHITS,FOODS_3_465_CA_2,0.855758632921519,1.8325306783028574,True,0.5330181136645125
NHITS,FOODS_3_491_CA_4,0.6582448631299954,0.9465134693516388,True,0.3045583771978514
NHITS,FOODS_3_498_CA_1,0.6924841841186158,0.907634729634972,True,0.2370452986113526
NHITS,FOODS_3_503_WI_2,0.6790884619844259,0.9330403133622442,True,0.27217671920594066
NHITS,FOODS_3_519_CA_4,0.757061009935139,1.055662596897488,True,0.2828570301154141
NHITS,FOODS_3_520_TX_2,0.8917579500178643,1.1130864296201903,True,0.19884213275140572
NHITS,FOODS_3_533_WI_1,0.8291962390970795,0.8499372240654849,True,0.02440296104363504
NHITS,FOODS_3_534_TX_3,1.0079516852945956,1.1948422609739744,True,0.15641443375716824
NHITS,FOODS_3_556_WI_2,0.5097581623614257,1.0504139185171408,True,0.5147073421484681
NHITS,FOODS_3_558_CA_3,1.012075259507469,1.2048857032172535,True,0.16002384557717575
NHITS,FOODS_3_565_CA_1,0.7493355415782277,1.039030729050423,True,0.2788129160885835
NHITS,FOODS_3_565_TX_2,0.8156461397322777,1.1700383568883532,True,0.3028894010778932
NHITS,FOODS_3_572_WI_3,2.2469495271957975,2.176504982886698,False,-0.03236590077348178
NHITS,FOODS_3_593_WI_1,0.6980393906114601,0.8372014130681893,True,0.16622287096569266
NHITS,FOODS_3_609_CA_3,0.9972480395197572,1.249926680538052,True,0.2021547703178278
NHITS,FOODS_3_612_CA_1,0.8334091255374281,1.2336262229054007,True,0.32442330580926926
NHITS,FOODS_3_622_WI_2,1.0459190162256453,1.3994384875348171,True,0.2526152270771933
NHITS,FOODS_3_631_TX_3,0.5539947012067972,0.8428768253896604,True,0.3427334997012328
NHITS,FOODS_3_635_WI_3,1.022732615233722,1.0197511915269593,False,-0.0029236775907055534
NHITS,FOODS_3_665_CA_1,0.7774081784761278,0.7945683505761788,True,0.021596848260577506
NHITS,FOODS_3_675_WI_2,1.1752393842735485,1.4259962107319906,True,0.17584676913673136
NHITS,FOODS_3_678_CA_1,0.548621303644588,0.6873749149624085,True,0.20186016145993446
NHITS,FOODS_3_681_CA_4,0.8492833407904181,1.3919073745900747,True,0.3898420568103267
NHITS,FOODS_3_684_WI_2,0.8945586082684056,1.0989794659097636,True,0.18600971536090816
NHITS,FOODS_3_686_WI_2,0.6991012684029114,1.1081739247493831,True,0.3691412035696334
NHITS,FOODS_3_709_CA_3,0.9291552044456863,1.1943238335526656,True,0.22202406219944715
NHITS,FOODS_3_717_CA_1,0.7032878862811771,1.098337534408787,True,0.35967963922880697
NHITS,FOODS_3_731_WI_3,1.1043253208716255,1.36799205498693,True,0.1927399601146248
NHITS,FOODS_3_742_TX_2,1.1744407688212883,1.5142096411750017,True,0.22438694294011907
NHITS,FOODS_3_744_CA_4,0.6086257668609049,0.7837158581303644,True,0.223410167668618
NHITS,FOODS_3_752_TX_2,0.6912997718337862,1.0439632127330947,True,0.3378121341805099
NHITS,FOODS_3_766_TX_1,0.4143141223313259,0.8365405151002924,True,0.5047291615258419
NHITS,FOODS_3_779_WI_2,0.9108159352018175,1.5127349955957201,True,0.3979011936303257
NHITS,FOODS_3_795_CA_4,0.9989193343896129,1.1583239479958662,True,0.13761660879243276
NHITS,FOODS_3_802_TX_3,0.6142632067420706,1.0493458646884246,True,0.4146227403064482
NHITS,FOODS_3_803_CA_3,0.8665425808561479,0.8517563304953832,False,-0.01735971877328457
NHITS,FOODS_3_820_CA_1,0.7297814592596988,1.0441124956240388,True,0.3010509285941191
NHITS,HOBBIES_1_003_WI_2,0.9360477343103163,1.7027668023073133,True,0.4502783745596072
NHITS,HOBBIES_1_018_CA_1,0.36293826958387554,0.9103176354389946,True,0.6013059008695893
NHITS,HOBBIES_1_018_TX_3,1.5746969042517986,1.9003781195124319,True,0.17137706013169174
NHITS,HOBBIES_1_033_TX_3,0.5384626286081419,1.2491418835706787,True,0.5689339732417397
NHITS,HOBBIES_1_044_CA_4,0.5474124056031747,0.8459312973584081,True,0.35288786771150227
NHITS,HOBBIES_1_062_TX_2,0.7951235846554285,1.214349031914135,True,0.3452264845123616
NHITS,HOBBIES_1_076_CA_3,1.7163557013379553,1.998728238708769,True,0.14127610342526298
NHITS,HOBBIES_1_077_CA_1,2.028077984363978,2.80013272939927,True,0.27572076742266627
NHITS,HOBBIES_1_085_TX_1,0.8419108358059785,1.096764071103889,True,0.2323683297187168
NHITS,HOBBIES_1_102_WI_1,0.6792535804421291,1.1351594907236313,True,0.4016227798887321
NHITS,HOBBIES_1_112_CA_1,6.888634000142182,9.273809523809524,True,0.25719479330944384
NHITS,HOBBIES_1_112_CA_4,9.06446211685664,15.932589285714286,True,0.4310741365194073
NHITS,HOBBIES_1_124_WI_3,0.5903484531264797,0.9547821449712431,True,0.381693032032705
NHITS,HOBBIES_1_130_CA_4,0.9131250693522013,1.608176965237747,True,0.4321986391483923
NHITS,HOBBIES_1_148_CA_4,0.7257811324321739,0.8387487882791264,True,0.13468592435016202
NHITS,HOBBIES_1_157_CA_4,0.8905111252914725,0.7986525134559983,False,-0.11501699461005344
NHITS,HOBBIES_1_173_CA_3,0.7345262787894395,0.8605150997062162,True,0.14641093568234864
NHITS,HOBBIES_1_184_TX_1,0.5885487985554285,1.2707763601130107,True,0.5368588706646316
NHITS,HOBBIES_1_192_CA_2,1.162839087946834,2.422352514588151,True,0.5199546387473087
NHITS,HOBBIES_1_230_TX_2,0.6937220646015139,1.3145377942843806,True,0.472269213089329
NHITS,HOBBIES_1_240_TX_2,1.3535143490379378,1.5968757576114876,True,0.15239846144170632
NHITS,HOBBIES_1_244_CA_3,0.7083121233868579,0.8075765186180079,True,0.12291639608469485
NHITS,HOBBIES_1_268_TX_1,0.9555744392818579,1.1383874004391168,True,0.16058941014872563
NHITS,HOBBIES_1_271_TX_1,0.8107719932073547,1.2546597739658645,True,0.3537913544126956
NHITS,HOBBIES_1_278_TX_2,1.0664096901730202,1.1865264116282859,True,0.10123392136752174
NHITS,HOBBIES_1_279_TX_1,1.136179575969561,1.5177325516290159,True,0.25139671363701444
NHITS,HOBBIES_1_297_CA_1,1.1793304665060595,1.3871739399861744,True,0.14983230832766825
NHITS,HOBBIES_1_299_TX_3,0.8962434597359322,1.1449239896560843,True,0.2172026546450927
NHITS,HOBBIES_1_306_CA_2,0.9119221005998377,1.0858956106959226,True,0.16021200231630894
NHITS,HOBBIES_1_307_WI_2,0.6812074918795737,1.1471539794130654,True,0.40617606345391444
NHITS,HOBBIES_1_308_WI_3,0.5854090304557934,1.0130969640761327,True,0.4221589332373117
NHITS,HOBBIES_1_317_TX_1,0.744775100080451,1.1105414037408396,True,0.32935854748711857
NHITS,HOBBIES_1_320_CA_2,0.9180790712030065,1.1845626057517586,True,0.22496365599826929
NHITS,HOBBIES_1_324_CA_1,1.0754700497456229,1.4640093442361788,True,0.2653939990343911
NHITS,HOBBIES_1_335_TX_3,36.29628244393211,38.504464285714285,True,0.057348722615560344
NHITS,HOBBIES_1_340_WI_1,0.5334268532445781,1.1300562454196017,True,0.5279643332739503
NHITS,HOBBIES_1_341_WI_3,0.5823824334105426,0.9119652937997791,True,0.36139846837372736
NHITS,HOBBIES_1_342_TX_3,0.8340960422271271,1.08397425715741,True,0.23052043282426105
NHITS,HOBBIES_1_343_TX_2,0.9123661499008533,1.1633471521407601,True,0.21574041916727804
NHITS,HOBBIES_1_345_WI_1,0.9341324419903411,1.0443373615035842,True,0.10552616766920575
NHITS,HOBBIES_1_346_TX_2,0.708837041238779,1.1507442426100525,True,0.38401860727016524
NHITS,HOBBIES_1_355_TX_1,1.7698123551273266,2.5843932798898517,True,0.3151923242879052
NHITS,HOBBIES_1_369_CA_1,1.0258639102365592,1.0404393066367692,True,0.01400888673393652
NHITS,HOBBIES_1_371_TX_3,0.5393754052109345,0.6552286046361631,True,0.17681340314737903
NHITS,HOBBIES_1_373_WI_1,0.7157878292831208,0.9016229889029954,True,0.20611182490586255
NHITS,HOBBIES_1_375_TX_1,1.3768540695127742,2.232178580214987,True,0.38317924841830275
NHITS,HOBBIES_1_393_TX_1,0.4077554765268603,0.8828405831219025,True,0.5381323827627468
NHITS,HOBBIES_1_398_WI_1,0.9793434783852958,1.3289470091160034,True,0.2630680744473468
NHITS,HOBBIES_1_413_TX_3,1.5404799704978587,1.6953537856709213,True,0.09135191514718133
NHITS,HOBBIES_1_417_WI_2,1.076431886139756,1.3596495991422417,True,0.20830198690983215
NHITS,HOBBIES_1_421_WI_3,1.4823112160316885,1.7754341919702934,True,0.16509931895212115
NHITS,HOBBIES_2_001_TX_1,0.34688686769500393,0.8464966035320918,True,0.5902087896778513
NHITS,HOBBIES_2_003_CA_4,0.4391280952170139,0.9680456936673592,True,0.5463766864625839
NHITS,HOBBIES_2_033_CA_1,0.8236619990403234,1.549983375857891,True,0.46859946250427376
NHITS,HOBBIES_2_044_TX_2,0.8985607877937623,1.0995877634406797,True,0.18282030987494013
NHITS,HOBBIES_2_044_WI_2,0.43344539274074906,0.6540056120922759,True,0.3372451478603019
NHITS,HOBBIES_2_045_CA_3,1.0194850893840792,1.1178549013991357,True,0.08799873032889538
NHITS,HOBBIES_2_060_TX_3,0.3041565337014022,0.5034457350673434,True,0.3958504114436151
NHITS,HOBBIES_2_068_CA_3,0.6779073020630499,1.1170422846943366,True,0.39312297184116896
NHITS,HOBBIES_2_071_TX_2,0.5583855665489723,1.2778539998587948,True,0.5630286663338104
NHITS,HOBBIES_2_080_TX_1,0.5450107055284026,0.5423422784639959,False,-0.004920190017204895
NHITS,HOBBIES_2_081_TX_2,0.6270292413888903,1.0545577867078961,True,0.40541025888553583
NHITS,HOBBIES_2_096_WI_2,0.6520996658877534,0.8053480168504726,True,0.19028835702860192
NHITS,HOBBIES_2_098_TX_3,1.162004229921555,1.674494423824373,True,0.30605667394958724
NHITS,HOBBIES_2_112_WI_3,0.43497773265944567,1.519452605690073,True,0.7137273442879801
NHITS,HOBBIES_2_116_TX_1,0.9504257319265634,1.628599572005838,True,0.41641533728515767
NHITS,HOBBIES_2_148_WI_2,0.2172677999510172,0.4883599694025641,True,0.5551072701212344
NHITS,HOUSEHOLD_1_023_WI_1,0.7251395388670505,1.0346928609763553,True,0.29917411609200095
NHITS,HOUSEHOLD_1_024_TX_1,0.6862109621646871,0.8489096529506406,True,0.19165607343543012
NHITS,HOUSEHOLD_1_078_WI_2,0.8099313642937201,1.1843977495315212,True,0.3161660729142032
NHITS,HOUSEHOLD_1_088_CA_3,0.852462909506783,1.2551170001755145,True,0.3208100046548845
NHITS,HOUSEHOLD_1_093_WI_2,0.762173212700256,1.0378392685643085,True,0.26561536474274505
NHITS,HOUSEHOLD_1_115_WI_1,0.7282206030619374,1.0312088376598953,True,0.2938185007078915
NHITS,HOUSEHOLD_1_122_CA_3,0.9397040424116204,1.087519447018792,True,0.13591978057254683
NHITS,HOUSEHOLD_1_130_CA_3,0.9342720041697411,1.0721711085027053,True,0.1286166948907449
NHITS,HOUSEHOLD_1_140_TX_1,1.34543726900491,1.4431196227048049,True,0.06768832753920373
NHITS,HOUSEHOLD_1_147_CA_1,0.8786858818084862,1.1516735668516604,True,0.23703564351958084
NHITS,HOUSEHOLD_1_157_CA_4,0.9627871896731253,1.1744505816508388,True,0.18022332764329163
NHITS,HOUSEHOLD_1_162_WI_1,0.5219080594385235,0.5969313216542176,True,0.1256815641836141
NHITS,HOUSEHOLD_1_165_WI_3,0.44470917945288396,0.6096485075525331,True,0.2705482356740394
NHITS,HOUSEHOLD_1_166_WI_1,0.6770435118641784,1.0876121020033231,True,0.37749542266300584
NHITS,HOUSEHOLD_1_170_CA_4,0.9339370002714785,0.9507294256920724,True,0.01766267559076551
NHITS,HOUSEHOLD_1_177_TX_2,0.8413800356530284,0.9263089193697007,True,0.09168527036796914
NHITS,HOUSEHOLD_1_195_CA_2,0.8713714780891858,0.9723311445203004,True,0.10383259551037327
NHITS,HOUSEHOLD_1_198_CA_1,0.5883460952488527,0.8158841054570883,True,0.27888521014974355
NHITS,HOUSEHOLD_1_198_WI_1,0.9461771960561428,1.1996079598974962,True,0.21126132229316696
NHITS,HOUSEHOLD_1_204_CA_2,0.8238218068321371,0.9612827631710311,True,0.14299742136792792
NHITS,HOUSEHOLD_1_204_TX_3,0.5171622294432394,0.5613175240483406,True,0.07866366666524827
NHITS,HOUSEHOLD_1_215_TX_3,0.7007523883518494,0.9404820317773199,True,0.25490082247762913
NHITS,HOUSEHOLD_1_239_CA_3,0.8860874363616024,1.2038898798527558,True,0.26397966193554423
NHITS,HOUSEHOLD_1_262_TX_1,0.8491817121850173,1.1656259327840521,True,0.27148007924224904
NHITS,HOUSEHOLD_1_278_TX_2,0.309193793043571,0.7150253409251681,True,0.5675764545022888
NHITS,HOUSEHOLD_1_295_CA_3,0.6606785645199897,0.9506467340315168,True,0.3050220014766428
NHITS,HOUSEHOLD_1_312_WI_3,0.588433066708054,0.6857054525450477,True,0.14185739004401943
NHITS,HOUSEHOLD_1_320_CA_4,1.0331974839047422,1.4078669626612172,True,0.2661256274160002
NHITS,HOUSEHOLD_1_323_CA_2,0.5422888631320023,0.9441404346531237,True,0.4256269054600561
NHITS,HOUSEHOLD_1_323_TX_1,1.0998057795812817,1.1773868578998226,True,0.06589259749079168
NHITS,HOUSEHOLD_1_324_CA_4,0.8792938386396387,1.0710037724054677,True,0.179000241367264
NHITS,HOUSEHOLD_1_325_CA_1,0.7793351876253222,0.7393887714704658,False,-0.05402626831269375
NHITS,HOUSEHOLD_1_342_WI_2,0.6396613376929479,0.8103338755551939,True,0.21062002097013544
NHITS,HOUSEHOLD_1_357_CA_1,1.2699241785161866,1.3214536072493939,True,0.03899450457475073
NHITS,HOUSEHOLD_1_360_WI_2,0.9168629613532908,1.2534064394917872,True,0.26850307093918635
NHITS,HOUSEHOLD_1_375_CA_2,0.724940606170531,0.935506342519207,True,0.2250821045014484
NHITS,HOUSEHOLD_1_379_CA_3,0.9810956662655639,1.495889513439765,True,0.3441389504699742
NHITS,HOUSEHOLD_1_384_CA_4,0.727749182078515,1.3191798095672218,True,0.4483320796751241
NHITS,HOUSEHOLD_1_387_CA_2,0.7069539071769816,0.9995937183275139,True,0.29275875366660686
NHITS,HOUSEHOLD_1_387_WI_3,0.545951866900328,0.9216893276757678,True,0.4076617245020513
NHITS,HOUSEHOLD_1_414_CA_2,1.3882921039042522,1.5956826987289323,True,0.12996982106146826
NHITS,HOUSEHOLD_1_422_TX_3,0.8458256483212042,1.3092475519509206,True,0.35396048893822074
NHITS,HOUSEHOLD_1_425_WI_2,0.8736183333773861,1.0596177397617295,True,0.17553443983126216
NHITS,HOUSEHOLD_1_434_WI_1,0.8177558634487574,1.0253640903125922,True,0.20247269123745448
NHITS,HOUSEHOLD_1_454_CA_1,0.8501492984230016,1.1435237059260959,True,0.25655297391976817
NHITS,HOUSEHOLD_1_465_CA_2,0.7451354534161647,1.0669110188886757,True,0.3015955030698637
NHITS,HOUSEHOLD_1_466_TX_1,0.30352098145892503,0.5999553454412628,True,0.49409404588988615
NHITS,HOUSEHOLD_1_468_CA_2,0.9125382769521413,1.0431591917356078,True,0.12521666474139914
NHITS,HOUSEHOLD_1_503_CA_2,0.6356412351007052,0.9268699817864207,True,0.3142066874626904
NHITS,HOUSEHOLD_1_510_TX_2,0.7430729692134234,0.8672041199659589,True,0.14313948457418324
NHITS,HOUSEHOLD_1_537_TX_2,0.6397735223883295,0.8357743014677987,True,0.23451400543813072
NHITS,HOUSEHOLD_2_014_WI_3,0.5010235933015141,1.0162146775856657,True,0.5069707175536456
NHITS,HOUSEHOLD_2_020_CA_4,0.8387535497154375,1.2910088314104244,True,0.35031153210694854
NHITS,HOUSEHOLD_2_029_TX_1,0.8884025618544857,1.162508413972711,True,0.23578827372225775
NHITS,HOUSEHOLD_2_041_TX_2,0.40670213958127677,0.7024848842919823,True,0.4210521127565867
NHITS,HOUSEHOLD_2_047_CA_1,1.070405176012427,1.4737965033787037,True,0.27370897301051755
NHITS,HOUSEHOLD_2_054_CA_4,0.5967851549563772,0.7311473672042976,True,0.183768988681015
NHITS,HOUSEHOLD_2_055_TX_1,0.5012875258550888,0.739135559034087,True,0.3217921669061916
NHITS,HOUSEHOLD_2_058_TX_2,0.955545785382501,1.6520049922328293,True,0.42158420230256244
NHITS,HOUSEHOLD_2_060_CA_4,1.015970286843472,1.0014823843462823,False,-0.014466457646827857
NHITS,HOUSEHOLD_2_070_CA_3,0.29755675894585987,0.4775699067489436,True,0.3769357014735769
NHITS,HOUSEHOLD_2_075_WI_3,0.4610726794366989,0.7381011912531052,True,0.37532592427615985
NHITS,HOUSEHOLD_2_076_CA_3,1.0842361609933007,1.336247345263478,True,0.18859620949928724
NHITS,HOUSEHOLD_2_076_WI_3,1.0480721499351222,1.7365983392809572,True,0.3964798156094753
NHITS,HOUSEHOLD_2_105_WI_1,0.5356502011264797,0.6444457319243723,True,0.16882031396657637
NHITS,HOUSEHOLD_2_108_TX_1,0.14480089148023545,0.13856456043956045,False,-0.045006681512876456
NHITS,HOUSEHOLD_2_116_CA_2,1.1338585371484133,1.710491757206281,True,0.33711546263144443
NHITS,HOUSEHOLD_2_123_TX_1,2.5744069326089973,3.183157136673551,True,0.1912410157359392
NHITS,HOUSEHOLD_2_131_WI_2,0.6480366314025976,0.6373248484176279,False,-0.016807414635668483
NHITS,HOUSEHOLD_2_148_CA_2,0.6782865980195903,1.0005110728216307,True,0.322059878751073
NHITS,HOUSEHOLD_2_155_CA_1,1.16072680414986,1.8365560360530706,True,0.36798726455176967
NHITS,HOUSEHOLD_2_213_WI_1,0.6486754865816486,0.8283762003364894,True,0.21693128518400906
NHITS,HOUSEHOLD_2_230_WI_3,0.3242562805755839,0.32098237879154723,False,-0.010199630884294875
NHITS,HOUSEHOLD_2_236_TX_2,0.7426872482262156,0.9474563464476558,True,0.21612510063306978
NHITS,HOUSEHOLD_2_263_TX_2,0.6705611255262452,1.2796079617770832,True,0.47596361889231376
NHITS,HOUSEHOLD_2_269_TX_3,0.24419174610116762,0.3960814660787517,True,0.3834810082918253
NHITS,HOUSEHOLD_2_271_TX_3,0.8176113740198993,1.5347216334218432,True,0.4672575428568514
NHITS,HOUSEHOLD_2_276_WI_3,0.36316220246240405,0.7670854491584608,True,0.5265687768412046
NHITS,HOUSEHOLD_2_287_CA_3,0.5803023644076163,0.8076517057183054,True,0.2814942873283357
NHITS,HOUSEHOLD_2_309_CA_1,0.2526435816044758,0.730543437421725,True,0.6541703495467432
NHITS,HOUSEHOLD_2_325_WI_3,0.4529994773000563,0.6357313205812962,True,0.2874356467354081
NHITS,HOUSEHOLD_2_347_WI_2,0.3002702993282687,0.5684830980724234,True,0.4718043503027508
NHITS,HOUSEHOLD_2_349_TX_2,0.8997707539038153,1.2464763405259667,True,0.27814854991620175
NHITS,HOUSEHOLD_2_361_CA_1,0.4781354186489971,0.6431350442511765,True,0.2565551777609848
NHITS,HOUSEHOLD_2_374_CA_4,0.4175227621203291,0.5420233353971826,True,0.22969596536950243
NHITS,HOUSEHOLD_2_391_TX_3,0.5225920516953468,1.1306713479634372,True,0.5378037547014536
NHITS,HOUSEHOLD_2_406_TX_3,0.4771678562989788,1.0974530268989156,True,0.5652043006821741
NHITS,HOUSEHOLD_2_414_WI_1,0.49218914474804,0.4881672355659999,False,-0.008238793776024211
NHITS,HOUSEHOLD_2_416_WI_2,1.4701078675022263,1.4273051637088348,False,-0.029988474001011234
NHITS,HOUSEHOLD_2_417_CA_1,0.22037743806203708,0.4631341931858523,True,0.5241607264061342
NHITS,HOUSEHOLD_2_421_WI_1,0.46993695978313255,0.753259157392115,True,0.3761284477309007
NHITS,HOUSEHOLD_2_425_CA_2,0.5486339162226281,1.2535996302277201,True,0.5623531604560483
NHITS,HOUSEHOLD_2_428_WI_2,0.718531318640195,2.0638947790110582,True,0.6518566130660554
NHITS,HOUSEHOLD_2_433_WI_2,0.8478791994163205,1.4329689588319936,True,0.4083059551356766
NHITS,HOUSEHOLD_2_464_CA_2,0.7158747087285233,0.9863451877822447,True,0.27421483107943456
NHITS,HOUSEHOLD_2_466_WI_2,1.1264455743443,1.5571849980662815,True,0.2766141622587396
NHITS,HOUSEHOLD_2_467_TX_1,0.6437609502212285,1.0790627777740114,True,0.4034073239471414
NHITS,HOUSEHOLD_2_471_WI_1,0.8685504917792812,1.6543033439963977,True,0.4749750733858321
NHITS,HOUSEHOLD_2_472_TX_1,0.7594528136786007,1.0104267113227998,True,0.24838406866306684
NHITS,HOUSEHOLD_2_474_TX_2,0.25519151693563524,0.5747030498245809,True,0.5559593480258571
NHITS,HOUSEHOLD_2_485_TX_1,0.5527921826802694,0.999923975576985,True,0.4471657884177721
NHITS,HOUSEHOLD_2_485_TX_2,0.6597780723125022,0.9184232464984197,True,0.2816187146525614
NHITS,HOUSEHOLD_2_489_CA_2,0.7681888661751007,1.056492841798884,True,0.2728877700040918
NHITS,HOUSEHOLD_2_508_CA_2,0.832849210948488,1.3302226607419252,True,0.3739024033134646
PatchTST,FOODS_1_017_WI_3,1.9558831941375405,2.309613989663556,True,0.15315580746787216
PatchTST,FOODS_1_021_TX_2,0.20763670134440154,0.22766662926700043,True,0.08797920005706417
PatchTST,FOODS_1_029_TX_2,1.1245822606396052,1.4880280721939558,True,0.244246609553867
PatchTST,FOODS_1_042_TX_1,1.073245647223738,1.2418820224517897,True,0.13579097867535017
PatchTST,FOODS_1_054_TX_3,0.5345003669599953,0.5238886750158667,False,-0.020255623857124316
PatchTST,FOODS_1_070_CA_2,1.2827035243607041,1.9001590499403846,True,0.32494939073602946
PatchTST,FOODS_1_071_TX_1,0.5791298146510333,1.0749993158291469,True,0.461274248156753
PatchTST,FOODS_1_082_TX_3,0.7958176427504842,1.2001352662110596,True,0.33689337764154237
PatchTST,FOODS_1_105_CA_2,1.5691546228614188,1.9877052630040073,True,0.2105697700422825
PatchTST,FOODS_1_112_CA_1,0.7305957765301037,1.117988648203754,True,0.3465087702778247
PatchTST,FOODS_1_130_WI_2,1.2605608730475146,1.6244320910928969,True,0.22399903328711912
PatchTST,FOODS_1_133_WI_3,1.4392843475816601,1.9114204080310526,True,0.24700796248991508
PatchTST,FOODS_1_180_TX_2,0.7940823705291408,1.0713106855910004,True,0.25877489956046085
PatchTST,FOODS_1_193_CA_2,0.8863821575602356,1.4104952841064868,True,0.37158091377686786
PatchTST,FOODS_1_199_CA_1,0.7648072691389181,0.9002279186773869,True,0.15042929321435472
PatchTST,FOODS_1_209_TX_1,0.8594309709519474,0.918992556038809,True,0.06481182540106045
PatchTST,FOODS_1_219_TX_2,1.0954473627879733,1.3366166213694237,True,0.18043263470295745
PatchTST,FOODS_2_010_WI_1,1.1565895096708771,1.4808653400004774,True,0.21897725712825156
PatchTST,FOODS_2_031_WI_2,0.769466645286937,0.9256092789192683,True,0.16869173331391163
PatchTST,FOODS_2_034_CA_2,0.8260927040668247,1.1345208018798765,True,0.2718575960017596
PatchTST,FOODS_2_070_WI_1,0.6431287187334085,0.535923833819242,False,-0.20003753919689427
PatchTST,FOODS_2_076_CA_4,0.98957924076175,1.8629341805418715,True,0.46880611720060283
PatchTST,FOODS_2_081_TX_2,0.9344909857820658,1.018506520410011,True,0.08248895116952593
PatchTST,FOODS_2_100_CA_4,0.9934114267780725,1.121762288197178,True,0.11441894844350897
PatchTST,FOODS_2_103_WI_1,1.1612971354054114,1.3783297859733206,True,0.15746061122422128
PatchTST,FOODS_2_105_CA_3,0.6868427133161539,1.1604866701477512,True,0.4081425224568015
PatchTST,FOODS_2_106_TX_3,0.9334816499344861,1.0523332195753794,True,0.11294100331532853
PatchTST,FOODS_2_107_CA_1,0.7273021726971023,0.7607583427695114,True,0.043977394911783985
PatchTST,FOODS_2_113_WI_1,1.0342853089292299,1.197950340793057,True,0.13662088175998932
PatchTST,FOODS_2_117_TX_3,6.344161998868408,6.054725710327235,False,-0.047803369200936086
PatchTST,FOODS_2_125_WI_2,0.9971314639966655,1.295182278956319,True,0.23012267833051891
PatchTST,FOODS_2_133_WI_3,1.1071733432192823,1.396537335933323,True,0.20720104308608067
PatchTST,FOODS_2_143_CA_3,1.143351717963732,1.1515724114248216,True,0.007138668293484196
PatchTST,FOODS_2_152_WI_2,0.7499249555915901,0.8760791719030413,True,0.14399864801878104
PatchTST,FOODS_2_153_WI_1,1.153308065752186,1.9011325084427342,True,0.39335734851176163
PatchTST,FOODS_2_166_CA_3,0.8509654547835919,0.6509559610260172,False,-0.3072550306511146
PatchTST,FOODS_2_183_TX_3,0.6500067315961611,0.8429068529188503,True,0.22885105353540225
PatchTST,FOODS_2_223_TX_3,0.3804343373186462,0.54380081300813,True,0.3004160195822315
PatchTST,FOODS_2_225_CA_4,1.0129041090380013,1.3209745267410922,True,0.23321450297994417
PatchTST,FOODS_2_243_CA_3,0.6436696508101378,0.6237572711821757,False,-0.0319232825778899
PatchTST,FOODS_2_251_WI_1,0.757996671115353,1.0804689109150094,True,0.2984558246350342
PatchTST,FOODS_2_258_CA_1,0.9459990373239194,1.1973953809269249,True,0.209952658584999
PatchTST,FOODS_2_263_WI_3,0.4717755140500733,0.5564707708914686,True,0.15220072872059953
PatchTST,FOODS_2_267_WI_1,0.7027299392535046,1.0412657284158968,True,0.3251194963243581
PatchTST,FOODS_2_275_CA_3,0.632977558969785,0.6327871669367273,False,-0.00030087846752557823
PatchTST,FOODS_2_276_TX_2,0.6331750290468774,0.7826182011925313,True,0.19095284510114474
PatchTST,FOODS_2_276_WI_1,0.7332358532784671,1.0028957833196561,True,0.2688813080344157
PatchTST,FOODS_2_280_CA_4,1.4300744744166776,1.7409860423331207,True,0.1785836074250119
PatchTST,FOODS_2_295_TX_2,0.9677574298796929,1.2978066594877116,True,0.2543130960187092
PatchTST,FOODS_2_300_CA_3,1.0066039038588488,1.4197962332242506,True,0.2910222746732276
PatchTST,FOODS_2_315_WI_1,1.053611374198455,1.4735073246537063,True,0.2849635990468744
PatchTST,FOODS_2_320_TX_1,0.6796334938362553,0.8966056223202681,True,0.24199282614637707
PatchTST,FOODS_2_349_TX_2,0.8532479772698336,1.1652341162304565,True,0.2677454552823265
PatchTST,FOODS_2_359_WI_2,2.0834715308672234,2.37811082409462,True,0.12389636775635549
PatchTST,FOODS_2_375_CA_3,0.8088587975939922,0.9140222406563014,True,0.11505567193507027
PatchTST,FOODS_2_391_WI_3,2.4231032260023664,2.8976652969911596,True,0.16377394293314784
PatchTST,FOODS_3_002_CA_1,0.6114793684101669,0.6698861242169072,True,0.08718908139053849
PatchTST,FOODS_3_007_TX_1,0.44625439021693136,0.779495610451866,True,0.4275087835860396
PatchTST,FOODS_3_012_TX_2,0.9145097516969903,1.1803779425348777,True,0.22523988398743866
PatchTST,FOODS_3_021_WI_3,0.4286029994895103,0.5047400453601223,True,0.15084407621410278
PatchTST,FOODS_3_037_CA_1,2.11128451834078,2.248255177645887,True,0.06092309301319021
PatchTST,FOODS_3_050_TX_1,0.4381063591044485,0.7717855017684745,True,0.4323469952459995
PatchTST,FOODS_3_053_TX_2,0.8234125558864402,1.114623849555419,True,0.2612641868242205
PatchTST,FOODS_3_056_WI_3,1.3400497014929227,2.4970407478615413,True,0.4633448802785708
PatchTST,FOODS_3_063_WI_3,1.1144593121275301,1.254425002555697,True,0.11157756752536696
PatchTST,FOODS_3_065_WI_3,0.8319020945564952,1.0477782342934883,True,0.20603228113681638
PatchTST,FOODS_3_068_CA_1,1.4236143102599124,1.4099656771021811,False,-0.009680117310218783
PatchTST,FOODS_3_068_TX_1,0.8668512892566553,1.2380188601982431,True,0.29980768700256555
PatchTST,FOODS_3_073_WI_3,0.6937757909215956,0.6937757909215956,False,0.0
PatchTST,FOODS_3_089_TX_1,0.5828625768618816,0.6419999614439341,True,0.09211431173460749
PatchTST,FOODS_3_099_CA_1,0.8190912922007472,1.0751785363051451,True,0.23818113499962779
PatchTST,FOODS_3_122_WI_3,1.02438756035812,1.288700195226314,True,0.20510017446049733
PatchTST,FOODS_3_143_WI_2,1.5292908152636513,1.5901433054391632,True,0.03826855728497103
PatchTST,FOODS_3_149_WI_1,1.7314960851177408,1.793281370497359,True,0.03445375968104891
PatchTST,FOODS_3_158_WI_2,0.5743381141466827,0.7570647979295223,True,0.2413620132418972
PatchTST,FOODS_3_173_WI_1,0.5451280954655482,1.0292696110284172,True,0.4703738557666426
PatchTST,FOODS_3_177_TX_3,0.790659262338092,0.9844007279824415,True,0.1968115830647833
PatchTST,FOODS_3_181_WI_3,1.0603638136494815,1.4700484824711912,True,0.27868786213977015
PatchTST,FOODS_3_222_WI_3,1.034811090379347,1.2175995500509524,True,0.15012198358972484
PatchTST,FOODS_3_234_TX_3,0.5600974051458002,0.536731719174649,False,-0.0435332683655838
PatchTST,FOODS_3_261_CA_3,4.72802911673095,5.87361016114674,True,0.1950386581652419
PatchTST,FOODS_3_271_TX_2,0.49378798190338347,0.5026064952818692,True,0.017545561908307916
PatchTST,FOODS_3_279_TX_2,0.8169415378522236,1.0321581579960788,True,0.20851128141223574
PatchTST,FOODS_3_285_TX_3,1.0909752996560105,1.2567573659905988,True,0.13191254797533325
PatchTST,FOODS_3_286_WI_1,0.9815992587404619,1.3326878130414441,True,0.26344395954198163
PatchTST,FOODS_3_304_CA_1,0.8301039842381498,1.1011984663224115,True,0.24618131097622686
PatchTST,FOODS_3_351_TX_3,1.1641305523404113,1.4581869548727324,True,0.2016589172943093
PatchTST,FOODS_3_354_CA_4,0.7313339879868158,0.857744689908799,True,0.14737567414777475
PatchTST,FOODS_3_387_WI_2,2.260340721871282,2.446166487587402,True,0.07596611541326259
PatchTST,FOODS_3_392_CA_3,0.9049626103050658,1.3627520668984276,True,0.33593011356443836
PatchTST,FOODS_3_414_CA_4,1.562178517917539,2.1983269409957016,True,0.2893784410384509
PatchTST,FOODS_3_427_TX_2,0.9180625781333904,1.0458876796132561,True,0.1222168536559608
PatchTST,FOODS_3_465_CA_2,1.0316560685260427,1.8325306783028574,True,0.4370320340385899
PatchTST,FOODS_3_491_CA_4,0.7383504092391043,0.9465134693516388,True,0.21992614669828847
PatchTST,FOODS_3_498_CA_1,0.6629787279244888,0.907634729634972,True,0.2695533717720099
PatchTST,FOODS_3_503_WI_2,0.699070113463581,0.9330403133622442,True,0.25076108346866943
PatchTST,FOODS_3_519_CA_4,0.7398011576812796,1.055662596897488,True,0.2992068111009153
PatchTST,FOODS_3_520_TX_2,0.9609625878730459,1.1130864296201903,True,0.1366684901540417
PatchTST,FOODS_3_533_WI_1,0.8468458712020972,0.8499372240654849,True,0.0036371543401768625
PatchTST,FOODS_3_534_TX_3,1.019335698465981,1.1948422609739744,True,0.1468868052632567
PatchTST,FOODS_3_556_WI_2,0.6031739653649425,1.0504139185171408,True,0.42577496857958874
PatchTST,FOODS_3_558_CA_3,0.9943962725780064,1.2048857032172535,True,0.174696595766058
PatchTST,FOODS_3_565_CA_1,0.7835759243476212,1.039030729050423,True,0.24585875812957292
PatchTST,FOODS_3_565_TX_2,0.7982354872587218,1.1700383568883532,True,0.31776981279350436
PatchTST,FOODS_3_572_WI_3,2.3861397521808363,2.176504982886698,False,-0.09631715568879606
PatchTST,FOODS_3_593_WI_1,0.7450075021942595,0.8372014130681893,True,0.11012154236106231
PatchTST,FOODS_3_609_CA_3,0.9763854582019253,1.249926680538052,True,0.21884581439479012
PatchTST,FOODS_3_612_CA_1,0.8875104110883001,1.2336262229054007,True,0.28056781332188174
PatchTST,FOODS_3_622_WI_2,0.9851272926354695,1.3994384875348171,True,0.296055309747253
PatchTST,FOODS_3_631_TX_3,0.6222649106243281,0.8428768253896604,True,0.26173683760179767
PatchTST,FOODS_3_635_WI_3,1.044798062746892,1.0197511915269593,False,-0.024561747441969706
PatchTST,FOODS_3_665_CA_1,0.7583989734577745,0.7945683505761788,True,0.04552078759766376
PatchTST,FOODS_3_675_WI_2,1.127304734290426,1.4259962107319906,True,0.20946162001948132
PatchTST,FOODS_3_678_CA_1,0.4861204131938823,0.6873749149624085,True,0.2927870909859033
PatchTST,FOODS_3_681_CA_4,0.8355757527447536,1.3919073745900747,True,0.3996901173177304
PatchTST,FOODS_3_684_WI_2,0.88209792379297,1.0989794659097636,True,0.1973481296461289
PatchTST,FOODS_3_686_WI_2,0.838518392770488,1.1081739247493831,True,0.24333322230071286
PatchTST,FOODS_3_709_CA_3,0.9995706235664638,1.1943238335526656,True,0.16306566486819918
PatchTST,FOODS_3_717_CA_1,0.8419805038957264,1.098337534408787,True,0.23340459784163925
PatchTST,FOODS_3_731_WI_3,1.152638345327834,1.36799205498693,True,0.15742321665834058
PatchTST,FOODS_3_742_TX_2,1.2192613982158893,1.5142096411750017,True,0.19478692707981793
PatchTST,FOODS_3_744_CA_4,0.5291644642177206,0.7837158581303644,True,0.32480061653965075
PatchTST,FOODS_3_752_TX_2,0.7058693200094175,1.0439632127330947,True,0.3238561364998176
PatchTST,FOODS_3_766_TX_1,0.4902450941921324,0.8365405151002924,True,0.4139613260293111
PatchTST,FOODS_3_779_WI_2,0.9852071127764372,1.5127349955957201,True,0.3487245845142497
PatchTST,FOODS_3_795_CA_4,0.9627728351997189,1.1583239479958662,True,0.16882247244778992
PatchTST,FOODS_3_802_TX_3,0.7333666932925791,1.0493458646884246,True,0.3011201378200191
PatchTST,FOODS_3_803_CA_3,0.8881756477028513,0.8517563304953832,False,-0.04275790610946961
PatchTST,FOODS_3_820_CA_1,0.7513085373511098,1.0441124956240388,True,0.2804333436292492
PatchTST,HOBBIES_1_003_WI_2,1.020374605160862,1.7027668023073133,True,0.40075493380642857
PatchTST,HOBBIES_1_018_CA_1,0.36191474725083744,0.9103176354389946,True,0.6024302582292538
PatchTST,HOBBIES_1_018_TX_3,1.665817543775102,1.9003781195124319,True,0.12342837108517624
PatchTST,HOBBIES_1_033_TX_3,0.661706887846635,1.2491418835706787,True,0.4702708342825377
PatchTST,HOBBIES_1_044_CA_4,0.6114693729778211,0.8459312973584081,True,0.2771642627631131
PatchTST,HOBBIES_1_062_TX_2,0.8676045769470687,1.214349031914135,True,0.28553936788709366
PatchTST,HOBBIES_1_076_CA_3,1.7212974538099972,1.998728238708769,True,0.13880365500714564
PatchTST,HOBBIES_1_077_CA_1,2.2378373809029033,2.80013272939927,True,0.20081024824026805
PatchTST,HOBBIES_1_085_TX_1,0.9509039549585345,1.096764071103889,True,0.13299133331250257
PatchTST,HOBBIES_1_102_WI_1,0.7838266658613368,1.1351594907236313,True,0.3095008478837895
PatchTST,HOBBIES_1_112_CA_1,6.950652518653864,9.273809523809524,True,0.2505073022247438
PatchTST,HOBBIES_1_112_CA_4,9.151830580270493,15.932589285714286,True,0.4255905040823249
PatchTST,HOBBIES_1_124_WI_3,0.6651309840572949,0.9547821449712431,True,0.3033688495742368
PatchTST,HOBBIES_1_130_CA_4,0.9536371684544749,1.608176965237747,True,0.4070073200473353
PatchTST,HOBBIES_1_148_CA_4,0.7732924808002838,0.8387487882791264,True,0.07804041972226305
PatchTST,HOBBIES_1_157_CA_4,0.9100645098261924,0.7986525134559983,False,-0.1394999633671501
PatchTST,HOBBIES_1_173_CA_3,0.7668692652651932,0.8605150997062162,True,0.10882532389378663
PatchTST,HOBBIES_1_184_TX_1,0.6201933607641,1.2707763601130107,True,0.5119571151693867
PatchTST,HOBBIES_1_192_CA_2,1.3878680087326933,2.422352514588151,True,0.42705778767767044
PatchTST,HOBBIES_1_230_TX_2,0.7565398760389672,1.3145377942843806,True,0.4244822177586618
PatchTST,HOBBIES_1_240_TX_2,1.2423796650134384,1.5968757576114876,True,0.22199353387910625
PatchTST,HOBBIES_1_244_CA_3,0.7096428090455558,0.8075765186180079,True,0.12126864428901984
PatchTST,HOBBIES_1_268_TX_1,0.9521357191600278,1.1383874004391168,True,0.16361010426436995
PatchTST,HOBBIES_1_271_TX_1,0.8553135262045286,1.2546597739658645,True,0.3182904688966308
PatchTST,HOBBIES_1_278_TX_2,1.032218755086388,1.1865264116282859,True,0.1300499129472723
PatchTST,HOBBIES_1_279_TX_1,1.2069472304472089,1.5177325516290159,True,0.20476949041399573
PatchTST,HOBBIES_1_297_CA_1,1.2040658845125525,1.3871739399861744,True,0.13200078965976458
PatchTST,HOBBIES_1_299_TX_3,0.959684299472929,1.1449239896560843,True,0.16179212930877462
PatchTST,HOBBIES_1_306_CA_2,0.8829465093796344,1.0858956106959226,True,0.18689559043914294
PatchTST,HOBBIES_1_307_WI_2,0.7325361408986704,1.1471539794130654,True,0.3614317222928798
PatchTST,HOBBIES_1_308_WI_3,0.6317971691266924,1.0130969640761327,True,0.37637048423805786
PatchTST,HOBBIES_1_317_TX_1,0.8223421809009102,1.1105414037408396,True,0.2595123620507397
PatchTST,HOBBIES_1_320_CA_2,0.9480293911749329,1.1845626057517586,True,0.19967979187281093
PatchTST,HOBBIES_1_324_CA_1,1.12015059996987,1.4640093442361788,True,0.2348746923099122
PatchTST,HOBBIES_1_335_TX_3,37.01874985233106,38.504464285714285,True,0.03858551108148889
PatchTST,HOBBIES_1_340_WI_1,0.5457306153047091,1.1300562454196017,True,0.5170765901992129
PatchTST,HOBBIES_1_341_WI_3,0.5702357935541195,0.9119652937997791,True,0.37471765928922063
PatchTST,HOBBIES_1_342_TX_3,0.9347742498553409,1.08397425715741,True,0.13764165183528243
PatchTST,HOBBIES_1_343_TX_2,0.9196598485652665,1.1633471521407601,True,0.20947083862892246
PatchTST,HOBBIES_1_345_WI_1,0.9514502083924941,1.0443373615035842,True,0.08894362735175532
PatchTST,HOBBIES_1_346_TX_2,0.7587504290745011,1.1507442426100525,True,0.3406437321349993
PatchTST,HOBBIES_1_355_TX_1,1.8973038454408309,2.5843932798898517,True,0.2658610203777906
PatchTST,HOBBIES_1_369_CA_1,1.0224366293954137,1.0404393066367692,True,0.017302957631953886
PatchTST,HOBBIES_1_371_TX_3,0.5416297129505646,0.6552286046361631,True,0.17337291272361033
PatchTST,HOBBIES_1_373_WI_1,0.7643338429673687,0.9016229889029954,True,0.15226890576810426
PatchTST,HOBBIES_1_375_TX_1,1.4906049510646104,2.232178580214987,True,0.3322196690369431
PatchTST,HOBBIES_1_393_TX_1,0.42968010530149947,0.8828405831219025,True,0.5132981950353213
PatchTST,HOBBIES_1_398_WI_1,1.083622751330216,1.3289470091160034,True,0.1846004815112784
PatchTST,HOBBIES_1_413_TX_3,1.521883656725545,1.6953537856709213,True,0.10232090222792467
PatchTST,HOBBIES_1_417_WI_2,1.017738005433516,1.3596495991422417,True,0.2514703743702985
PatchTST,HOBBIES_1_421_WI_3,1.4994117587252844,1.7754341919702934,True,0.15546756646535698
PatchTST,HOBBIES_2_001_TX_1,0.35556221283000977,0.8464966035320918,True,0.579960260506196
PatchTST,HOBBIES_2_003_CA_4,0.4695964169746685,0.9680456936673592,True,0.5149026331643063
PatchTST,HOBBIES_2_033_CA_1,0.8169493851243397,1.549983375857891,True,0.4729302276082985
PatchTST,HOBBIES_2_044_TX_2,0.9369545060168258,1.0995877634406797,True,0.14790384435978454
PatchTST,HOBBIES_2_044_WI_2,0.49423999898743604,0.6540056120922759,True,0.24428783201679627
PatchTST,HOBBIES_2_045_CA_3,1.1025294322513284,1.1178549013991357,True,0.013709712350525649
PatchTST,HOBBIES_2_060_TX_3,0.3109589528067671,0.5034457350673434,True,0.3823386888655006
PatchTST,HOBBIES_2_068_CA_3,0.7660557290986326,1.1170422846943366,True,0.31421062604782835
PatchTST,HOBBIES_2_071_TX_2,0.6510814878679032,1.2778539998587948,True,0.4904883594371118
PatchTST,HOBBIES_2_080_TX_1,0.5466789981332335,0.5423422784639959,False,-0.007996278072806673
PatchTST,HOBBIES_2_081_TX_2,0.7005429162064726,1.0545577867078961,True,0.3356998307381355
PatchTST,HOBBIES_2_096_WI_2,0.6634300020827022,0.8053480168504726,True,0.17621948747422078
PatchTST,HOBBIES_2_098_TX_3,1.2554262527935562,1.674494423824373,True,0.25026549212012794
PatchTST,HOBBIES_2_112_WI_3,0.48259269913422465,1.519452605690073,True,0.6823904231517304
PatchTST,HOBBIES_2_116_TX_1,0.8556066883435964,1.628599572005838,True,0.4746365509050193
PatchTST,HOBBIES_2_148_WI_2,0.3036138307436607,0.4883599694025641,True,0.37829910359956986
PatchTST,HOUSEHOLD_1_023_WI_1,0.8243715892452086,1.0346928609763553,True,0.2032692788975886
PatchTST,HOUSEHOLD_1_024_TX_1,0.7111021132146625,0.8489096529506406,True,0.1623347540659793
PatchTST,HOUSEHOLD_1_078_WI_2,0.8107701840616951,1.1843977495315212,True,0.3154578481912951
PatchTST,HOUSEHOLD_1_088_CA_3,0.8570519855547458,1.2551170001755145,True,0.3171537112198334
PatchTST,HOUSEHOLD_1_093_WI_2,0.8277720767945491,1.0378392685643085,True,0.2024082130370295
PatchTST,HOUSEHOLD_1_115_WI_1,0.7853617444336737,1.0312088376598953,True,0.2384066973127561
PatchTST,HOUSEHOLD_1_122_CA_3,0.9724751914432939,1.087519447018792,True,0.10578592952141508
PatchTST,HOUSEHOLD_1_130_CA_3,0.9373269344890186,1.0721711085027053,True,0.12576740125183705
PatchTST,HOUSEHOLD_1_140_TX_1,1.3336385172440661,1.4431196227048049,True,0.07586419291807622
PatchTST,HOUSEHOLD_1_147_CA_1,0.8893079211447539,1.1516735668516604,True,0.2278125097757846
PatchTST,HOUSEHOLD_1_157_CA_4,0.9780547102590817,1.1744505816508388,True,0.1672236145651168
PatchTST,HOUSEHOLD_1_162_WI_1,0.5298074799069602,0.5969313216542176,True,0.11244818174600657
PatchTST,HOUSEHOLD_1_165_WI_3,0.6050398691023928,0.6096485075525331,True,0.007559500914128159
PatchTST,HOUSEHOLD_1_166_WI_1,0.7941057641823391,1.0876121020033231,True,0.2698630672464577
PatchTST,HOUSEHOLD_1_170_CA_4,0.9479105255450953,0.9507294256920724,True,0.002964986746807785
PatchTST,HOUSEHOLD_1_177_TX_2,0.826898939067213,0.9263089193697007,True,0.10731838830843865
PatchTST,HOUSEHOLD_1_195_CA_2,0.9517736105812203,0.9723311445203004,True,0.021142523362472576
PatchTST,HOUSEHOLD_1_198_CA_1,0.6037101793275775,0.8158841054570883,True,0.2600540011876358
PatchTST,HOUSEHOLD_1_198_WI_1,0.9575709113041185,1.1996079598974962,True,0.201763456632998
PatchTST,HOUSEHOLD_1_204_CA_2,0.8480826739706583,0.9612827631710311,True,0.11775940809232244
PatchTST,HOUSEHOLD_1_204_TX_3,0.5916267298878399,0.5613175240483406,False,-0.0539965430277376
PatchTST,HOUSEHOLD_1_215_TX_3,0.7580964781474129,0.9404820317773199,True,0.19392773861424595
PatchTST,HOUSEHOLD_1_239_CA_3,0.8867126331257917,1.2038898798527558,True,0.26346034802265883
PatchTST,HOUSEHOLD_1_262_TX_1,0.854248687666813,1.1656259327840521,True,0.26713307962660604
PatchTST,HOUSEHOLD_1_278_TX_2,0.3993010151674732,0.7150253409251681,True,0.44155683398462586
PatchTST,HOUSEHOLD_1_295_CA_3,0.7343204976989955,0.9506467340315168,True,0.22755691319226623
PatchTST,HOUSEHOLD_1_312_WI_3,0.5938889866708589,0.6857054525450477,True,0.1339007376030117
PatchTST,HOUSEHOLD_1_320_CA_4,1.1281328222863367,1.4078669626612172,True,0.19869358951794258
PatchTST,HOUSEHOLD_1_323_CA_2,0.5744553451933979,0.9441404346531237,True,0.3915573106404957
PatchTST,HOUSEHOLD_1_323_TX_1,1.097547674842575,1.1773868578998226,True,0.06781049280578999
PatchTST,HOUSEHOLD_1_324_CA_4,0.8819450263323225,1.0710037724054677,True,0.17652481806718612
PatchTST,HOUSEHOLD_1_325_CA_1,0.7333535172122722,0.7393887714704658,True,0.008162491088674395
PatchTST,HOUSEHOLD_1_342_WI_2,0.6996047608033816,0.8103338755551939,True,0.13664628629272968
PatchTST,HOUSEHOLD_1_357_CA_1,1.2416769867022786,1.3214536072493939,True,0.06037035285194037
PatchTST,HOUSEHOLD_1_360_WI_2,0.9933055806571875,1.2534064394917872,True,0.20751517675309017
PatchTST,HOUSEHOLD_1_375_CA_2,0.7527390992361351,0.935506342519207,True,0.19536718777437834
PatchTST,HOUSEHOLD_1_379_CA_3,0.9401943487253669,1.495889513439765,True,0.3714814227399651
PatchTST,HOUSEHOLD_1_384_CA_4,0.8235662837025476,1.3191798095672218,True,0.3756982348200646
PatchTST,HOUSEHOLD_1_387_CA_2,0.7582040777882897,0.9995937183275139,True,0.2414877525872302
PatchTST,HOUSEHOLD_1_387_WI_3,0.5960919750888115,0.9216893276757678,True,0.3532614980017378
PatchTST,HOUSEHOLD_1_414_CA_2,1.3212344054058813,1.5956826987289323,True,0.171994277773186
PatchTST,HOUSEHOLD_1_422_TX_3,0.8664839928729702,1.3092475519509206,True,0.33818169712686097
PatchTST,HOUSEHOLD_1_425_WI_2,0.8753530104432727,1.0596177397617295,True,0.17389736166543546
PatchTST,HOUSEHOLD_1_434_WI_1,0.8755787591695984,1.0253640903125922,True,0.14608014124751567
PatchTST,HOUSEHOLD_1_454_CA_1,0.8766589994835958,1.1435237059260959,True,0.23337050649630087
PatchTST,HOUSEHOLD_1_465_CA_2,0.7949763156798998,1.0669110188886757,True,0.2548803962040158
PatchTST,HOUSEHOLD_1_466_TX_1,0.35590000786268833,0.5999553454412628,True,0.40678917094917044
PatchTST,HOUSEHOLD_1_468_CA_2,0.9435069085353809,1.0431591917356078,True,0.09552931517041563
PatchTST,HOUSEHOLD_1_503_CA_2,0.6695806971575835,0.9268699817864207,True,0.27758940270451493
PatchTST,HOUSEHOLD_1_510_TX_2,0.7442489391803004,0.8672041199659589,True,0.1417834370880121
PatchTST,HOUSEHOLD_1_537_TX_2,0.5650862882011412,0.8357743014677987,True,0.32387692800708445
PatchTST,HOUSEHOLD_2_014_WI_3,0.5444986634813123,1.0162146775856657,True,0.46418933371938864
PatchTST,HOUSEHOLD_2_020_CA_4,1.0035840150183875,1.2910088314104244,True,0.22263582509968272
PatchTST,HOUSEHOLD_2_029_TX_1,0.9151639251817423,1.162508413972711,True,0.2127679127462857
PatchTST,HOUSEHOLD_2_041_TX_2,0.4406801606265819,0.7024848842919823,True,0.3726837822699447
PatchTST,HOUSEHOLD_2_047_CA_1,1.1397919281256923,1.4737965033787037,True,0.22662869296222388
PatchTST,HOUSEHOLD_2_054_CA_4,0.6005077471905388,0.7311473672042976,True,0.17867754966182547
PatchTST,HOUSEHOLD_2_055_TX_1,0.5430148039365368,0.739135559034087,True,0.2653380055937826
PatchTST,HOUSEHOLD_2_058_TX_2,1.1228456683741375,1.6520049922328293,True,0.32031339272376336
PatchTST,HOUSEHOLD_2_060_CA_4,1.0210850278878003,1.0014823843462823,False,-0.019573627901916302
PatchTST,HOUSEHOLD_2_070_CA_3,0.3254032214274966,0.4775699067489436,True,0.3186270390387901
PatchTST,HOUSEHOLD_2_075_WI_3,0.5391608756117066,0.7381011912531052,True,0.26952986663474887
PatchTST,HOUSEHOLD_2_076_CA_3,1.1470989754452552,1.336247345263478,True,0.14155191438822057
PatchTST,HOUSEHOLD_2_076_WI_3,1.1550374605878184,1.7365983392809572,True,0.3348850828303426
PatchTST,HOUSEHOLD_2_105_WI_1,0.5875959485162103,0.6444457319243723,True,0.08821500491345247
PatchTST,HOUSEHOLD_2_108_TX_1,0.13989400499008048,0.13856456043956045,False,-0.009594405281572183
PatchTST,HOUSEHOLD_2_116_CA_2,1.2010460266618275,1.710491757206281,True,0.29783582902294903
PatchTST,HOUSEHOLD_2_123_TX_1,2.5257169453180914,3.183157136673551,True,0.20653714633846032
PatchTST,HOUSEHOLD_2_131_WI_2,0.6705890283634,0.6373248484176279,False,-0.052193445820230444
PatchTST,HOUSEHOLD_2_148_CA_2,0.7848112318369947,1.0005110728216307,True,0.21558965896931204
PatchTST,HOUSEHOLD_2_155_CA_1,1.2675034696193292,1.8365560360530706,True,0.3098476470430427
PatchTST,HOUSEHOLD_2_213_WI_1,0.703487465940779,0.8283762003364894,True,0.15076330578423203
PatchTST,HOUSEHOLD_2_230_WI_3,0.32305612880530243,0.32098237879154723,False,-0.006460635071503296
PatchTST,HOUSEHOLD_2_236_TX_2,0.8088564287091843,0.9474563464476558,True,0.14628633631315147
PatchTST,HOUSEHOLD_2_263_TX_2,0.7578300147008299,1.2796079617770832,True,0.4077639110275798
PatchTST,HOUSEHOLD_2_269_TX_3,0.2588468628415972,0.3960814660787517,True,0.3464807495180009
PatchTST,HOUSEHOLD_2_271_TX_3,0.9730356195648315,1.5347216334218432,True,0.3659855974041797
PatchTST,HOUSEHOLD_2_276_WI_3,0.4075633582111757,0.7670854491584608,True,0.4686858437240631
PatchTST,HOUSEHOLD_2_287_CA_3,0.6547704169405659,0.8076517057183054,True,0.1892911111253961
PatchTST,HOUSEHOLD_2_309_CA_1,0.24935359992600525,0.730543437421725,True,0.6586738212226805
PatchTST,HOUSEHOLD_2_325_WI_3,0.5109370278476327,0.6357313205812962,True,0.19630036887211222
PatchTST,HOUSEHOLD_2_347_WI_2,0.31309739703850076,0.5684830980724234,True,0.4492406228080805
PatchTST,HOUSEHOLD_2_349_TX_2,0.9582636164941525,1.2464763405259667,True,0.23122197723399962
PatchTST,HOUSEHOLD_2_361_CA_1,0.5479671443412777,0.6431350442511765,True,0.14797498715173574
PatchTST,HOUSEHOLD_2_374_CA_4,0.4232375423260003,0.5420233353971826,True,0.21915254439024978
PatchTST,HOUSEHOLD_2_391_TX_3,0.6322955964604213,1.1306713479634372,True,0.4407786156434309
PatchTST,HOUSEHOLD_2_406_TX_3,0.5849542583801187,1.0974530268989156,True,0.466989252348203
PatchTST,HOUSEHOLD_2_414_WI_1,0.5027458365486002,0.4881672355659999,False,-0.02986394809085713
PatchTST,HOUSEHOLD_2_416_WI_2,1.4124077584435795,1.4273051637088348,True,0.010437435275960638
PatchTST,HOUSEHOLD_2_417_CA_1,0.2560505659361205,0.4631341931858523,True,0.447135258628228
PatchTST,HOUSEHOLD_2_421_WI_1,0.5151809974948247,0.753259157392115,True,0.3160640764349272
PatchTST,HOUSEHOLD_2_425_CA_2,0.6419213693682713,1.2535996302277201,True,0.4879374930481877
PatchTST,HOUSEHOLD_2_428_WI_2,0.7181147556362584,2.0638947790110582,True,0.6520584465161774
PatchTST,HOUSEHOLD_2_433_WI_2,0.9824945173854469,1.4329689588319936,True,0.31436441010817595
PatchTST,HOUSEHOLD_2_464_CA_2,0.7620450636361998,0.9863451877822447,True,0.22740530082614807
PatchTST,HOUSEHOLD_2_466_WI_2,1.227023228074551,1.5571849980662815,True,0.2120247564687091
PatchTST,HOUSEHOLD_2_467_TX_1,0.7128665139955083,1.0790627777740114,True,0.339365115099166
PatchTST,HOUSEHOLD_2_471_WI_1,1.0410363037566286,1.6543033439963977,True,0.37071014966231275
PatchTST,HOUSEHOLD_2_472_TX_1,0.8078909492663389,1.0104267113227998,True,0.20044577185742773
PatchTST,HOUSEHOLD_2_474_TX_2,0.25274032178223504,0.5747030498245809,True,0.560224498792237
PatchTST,HOUSEHOLD_2_485_TX_1,0.6823131831421785,0.999923975576985,True,0.31763494044788343
PatchTST,HOUSEHOLD_2_485_TX_2,0.7097917309671895,0.9184232464984197,True,0.22716271210104777
PatchTST,HOUSEHOLD_2_489_CA_2,0.8460661976468149,1.056492841798884,True,0.1991746993702076
PatchTST,HOUSEHOLD_2_508_CA_2,0.9322830447055062,1.3302226607419252,True,0.29915263645747103
SeasonalNaive (library),FOODS_1_017_WI_3,2.309613989663556,2.309613989663556,False,0.0
SeasonalNaive (library),FOODS_1_021_TX_2,0.22766662926700043,0.22766662926700043,False,0.0
SeasonalNaive (library),FOODS_1_029_TX_2,1.4880280721939558,1.4880280721939558,False,0.0
SeasonalNaive (library),FOODS_1_042_TX_1,1.2418820224517897,1.2418820224517897,False,0.0
SeasonalNaive (library),FOODS_1_054_TX_3,0.5238886750158667,0.5238886750158667,False,0.0
SeasonalNaive (library),FOODS_1_070_CA_2,1.9001590499403846,1.9001590499403846,False,0.0
SeasonalNaive (library),FOODS_1_071_TX_1,1.0749993158291469,1.0749993158291469,False,0.0
SeasonalNaive (library),FOODS_1_082_TX_3,1.2001352662110596,1.2001352662110596,False,0.0
SeasonalNaive (library),FOODS_1_105_CA_2,1.9877052630040073,1.9877052630040073,False,0.0
SeasonalNaive (library),FOODS_1_112_CA_1,1.117988648203754,1.117988648203754,False,0.0
SeasonalNaive (library),FOODS_1_130_WI_2,1.6244320910928969,1.6244320910928969,False,0.0
SeasonalNaive (library),FOODS_1_133_WI_3,1.9114204080310526,1.9114204080310526,False,0.0
SeasonalNaive (library),FOODS_1_180_TX_2,1.0713106855910004,1.0713106855910004,False,0.0
SeasonalNaive (library),FOODS_1_193_CA_2,1.4104952841064868,1.4104952841064868,False,0.0
SeasonalNaive (library),FOODS_1_199_CA_1,0.9002279186773869,0.9002279186773869,False,0.0
SeasonalNaive (library),FOODS_1_209_TX_1,0.918992556038809,0.918992556038809,False,0.0
SeasonalNaive (library),FOODS_1_219_TX_2,1.3366166213694237,1.3366166213694237,False,0.0
SeasonalNaive (library),FOODS_2_010_WI_1,1.4808653400004774,1.4808653400004774,False,0.0
SeasonalNaive (library),FOODS_2_031_WI_2,0.9256092789192683,0.9256092789192683,False,0.0
SeasonalNaive (library),FOODS_2_034_CA_2,1.1345208018798765,1.1345208018798765,False,0.0
SeasonalNaive (library),FOODS_2_070_WI_1,0.535923833819242,0.535923833819242,False,0.0
SeasonalNaive (library),FOODS_2_076_CA_4,1.8629341805418715,1.8629341805418715,False,0.0
SeasonalNaive (library),FOODS_2_081_TX_2,1.018506520410011,1.018506520410011,False,0.0
SeasonalNaive (library),FOODS_2_100_CA_4,1.121762288197178,1.121762288197178,False,0.0
SeasonalNaive (library),FOODS_2_103_WI_1,1.3783297859733206,1.3783297859733206,False,0.0
SeasonalNaive (library),FOODS_2_105_CA_3,1.1604866701477512,1.1604866701477512,False,0.0
SeasonalNaive (library),FOODS_2_106_TX_3,1.0523332195753794,1.0523332195753794,False,0.0
SeasonalNaive (library),FOODS_2_107_CA_1,0.7607583427695114,0.7607583427695114,False,0.0
SeasonalNaive (library),FOODS_2_113_WI_1,1.197950340793057,1.197950340793057,False,0.0
SeasonalNaive (library),FOODS_2_117_TX_3,6.054725710327235,6.054725710327235,False,0.0
SeasonalNaive (library),FOODS_2_125_WI_2,1.295182278956319,1.295182278956319,False,0.0
SeasonalNaive (library),FOODS_2_133_WI_3,1.396537335933323,1.396537335933323,False,0.0
SeasonalNaive (library),FOODS_2_143_CA_3,1.1515724114248216,1.1515724114248216,False,0.0
SeasonalNaive (library),FOODS_2_152_WI_2,0.8760791719030413,0.8760791719030413,False,0.0
SeasonalNaive (library),FOODS_2_153_WI_1,1.9011325084427342,1.9011325084427342,False,0.0
SeasonalNaive (library),FOODS_2_166_CA_3,0.6509559610260172,0.6509559610260172,False,0.0
SeasonalNaive (library),FOODS_2_183_TX_3,0.8429068529188503,0.8429068529188503,False,0.0
SeasonalNaive (library),FOODS_2_223_TX_3,0.54380081300813,0.54380081300813,False,0.0
SeasonalNaive (library),FOODS_2_225_CA_4,1.3209745267410922,1.3209745267410922,False,0.0
SeasonalNaive (library),FOODS_2_243_CA_3,0.6237572711821757,0.6237572711821757,False,0.0
SeasonalNaive (library),FOODS_2_251_WI_1,1.0804689109150094,1.0804689109150094,False,0.0
SeasonalNaive (library),FOODS_2_258_CA_1,1.1973953809269249,1.1973953809269249,False,0.0
SeasonalNaive (library),FOODS_2_263_WI_3,0.5564707708914686,0.5564707708914686,False,0.0
SeasonalNaive (library),FOODS_2_267_WI_1,1.0412657284158968,1.0412657284158968,False,0.0
SeasonalNaive (library),FOODS_2_275_CA_3,0.6327871669367273,0.6327871669367273,False,0.0
SeasonalNaive (library),FOODS_2_276_TX_2,0.7826182011925313,0.7826182011925313,False,0.0
SeasonalNaive (library),FOODS_2_276_WI_1,1.0028957833196561,1.0028957833196561,False,0.0
SeasonalNaive (library),FOODS_2_280_CA_4,1.7409860423331207,1.7409860423331207,False,0.0
SeasonalNaive (library),FOODS_2_295_TX_2,1.2978066594877116,1.2978066594877116,False,0.0
SeasonalNaive (library),FOODS_2_300_CA_3,1.4197962332242506,1.4197962332242506,False,0.0
SeasonalNaive (library),FOODS_2_315_WI_1,1.4735073246537063,1.4735073246537063,False,0.0
SeasonalNaive (library),FOODS_2_320_TX_1,0.8966056223202681,0.8966056223202681,False,0.0
SeasonalNaive (library),FOODS_2_349_TX_2,1.1652341162304565,1.1652341162304565,False,0.0
SeasonalNaive (library),FOODS_2_359_WI_2,2.37811082409462,2.37811082409462,False,0.0
SeasonalNaive (library),FOODS_2_375_CA_3,0.9140222406563014,0.9140222406563014,False,0.0
SeasonalNaive (library),FOODS_2_391_WI_3,2.8976652969911596,2.8976652969911596,False,0.0
SeasonalNaive (library),FOODS_3_002_CA_1,0.6698861242169072,0.6698861242169072,False,0.0
SeasonalNaive (library),FOODS_3_007_TX_1,0.779495610451866,0.779495610451866,False,0.0
SeasonalNaive (library),FOODS_3_012_TX_2,1.1803779425348777,1.1803779425348777,False,0.0
SeasonalNaive (library),FOODS_3_021_WI_3,0.5047400453601223,0.5047400453601223,False,0.0
SeasonalNaive (library),FOODS_3_037_CA_1,2.248255177645887,2.248255177645887,False,0.0
SeasonalNaive (library),FOODS_3_050_TX_1,0.7717855017684745,0.7717855017684745,False,0.0
SeasonalNaive (library),FOODS_3_053_TX_2,1.114623849555419,1.114623849555419,False,0.0
SeasonalNaive (library),FOODS_3_056_WI_3,2.4970407478615413,2.4970407478615413,False,0.0
SeasonalNaive (library),FOODS_3_063_WI_3,1.254425002555697,1.254425002555697,False,0.0
SeasonalNaive (library),FOODS_3_065_WI_3,1.0477782342934883,1.0477782342934883,False,0.0
SeasonalNaive (library),FOODS_3_068_CA_1,1.4099656771021811,1.4099656771021811,False,0.0
SeasonalNaive (library),FOODS_3_068_TX_1,1.2380188601982431,1.2380188601982431,False,0.0
SeasonalNaive (library),FOODS_3_073_WI_3,0.6937757909215956,0.6937757909215956,False,0.0
SeasonalNaive (library),FOODS_3_089_TX_1,0.6419999614439341,0.6419999614439341,False,0.0
SeasonalNaive (library),FOODS_3_099_CA_1,1.0751785363051451,1.0751785363051451,False,0.0
SeasonalNaive (library),FOODS_3_122_WI_3,1.288700195226314,1.288700195226314,False,0.0
SeasonalNaive (library),FOODS_3_143_WI_2,1.5901433054391632,1.5901433054391632,False,0.0
SeasonalNaive (library),FOODS_3_149_WI_1,1.793281370497359,1.793281370497359,False,0.0
SeasonalNaive (library),FOODS_3_158_WI_2,0.7570647979295223,0.7570647979295223,False,0.0
SeasonalNaive (library),FOODS_3_173_WI_1,1.0292696110284172,1.0292696110284172,False,0.0
SeasonalNaive (library),FOODS_3_177_TX_3,0.9844007279824415,0.9844007279824415,False,0.0
SeasonalNaive (library),FOODS_3_181_WI_3,1.4700484824711912,1.4700484824711912,False,0.0
SeasonalNaive (library),FOODS_3_222_WI_3,1.2175995500509524,1.2175995500509524,False,0.0
SeasonalNaive (library),FOODS_3_234_TX_3,0.536731719174649,0.536731719174649,False,0.0
SeasonalNaive (library),FOODS_3_261_CA_3,5.87361016114674,5.87361016114674,False,0.0
SeasonalNaive (library),FOODS_3_271_TX_2,0.5026064952818692,0.5026064952818692,False,0.0
SeasonalNaive (library),FOODS_3_279_TX_2,1.0321581579960788,1.0321581579960788,False,0.0
SeasonalNaive (library),FOODS_3_285_TX_3,1.2567573659905988,1.2567573659905988,False,0.0
SeasonalNaive (library),FOODS_3_286_WI_1,1.3326878130414441,1.3326878130414441,False,0.0
SeasonalNaive (library),FOODS_3_304_CA_1,1.1011984663224115,1.1011984663224115,False,0.0
SeasonalNaive (library),FOODS_3_351_TX_3,1.4581869548727324,1.4581869548727324,False,0.0
SeasonalNaive (library),FOODS_3_354_CA_4,0.857744689908799,0.857744689908799,False,0.0
SeasonalNaive (library),FOODS_3_387_WI_2,2.446166487587402,2.446166487587402,False,0.0
SeasonalNaive (library),FOODS_3_392_CA_3,1.3627520668984276,1.3627520668984276,False,0.0
SeasonalNaive (library),FOODS_3_414_CA_4,2.1983269409957016,2.1983269409957016,False,0.0
SeasonalNaive (library),FOODS_3_427_TX_2,1.0458876796132561,1.0458876796132561,False,0.0
SeasonalNaive (library),FOODS_3_465_CA_2,1.8325306783028574,1.8325306783028574,False,0.0
SeasonalNaive (library),FOODS_3_491_CA_4,0.9465134693516388,0.9465134693516388,False,0.0
SeasonalNaive (library),FOODS_3_498_CA_1,0.907634729634972,0.907634729634972,False,0.0
SeasonalNaive (library),FOODS_3_503_WI_2,0.9330403133622442,0.9330403133622442,False,0.0
SeasonalNaive (library),FOODS_3_519_CA_4,1.055662596897488,1.055662596897488,False,0.0
SeasonalNaive (library),FOODS_3_520_TX_2,1.1130864296201903,1.1130864296201903,False,0.0
SeasonalNaive (library),FOODS_3_533_WI_1,0.8499372240654849,0.8499372240654849,False,0.0
SeasonalNaive (library),FOODS_3_534_TX_3,1.1948422609739744,1.1948422609739744,False,0.0
SeasonalNaive (library),FOODS_3_556_WI_2,1.0504139185171408,1.0504139185171408,False,0.0
SeasonalNaive (library),FOODS_3_558_CA_3,1.2048857032172535,1.2048857032172535,False,0.0
SeasonalNaive (library),FOODS_3_565_CA_1,1.039030729050423,1.039030729050423,False,0.0
SeasonalNaive (library),FOODS_3_565_TX_2,1.1700383568883532,1.1700383568883532,False,0.0
SeasonalNaive (library),FOODS_3_572_WI_3,2.176504982886698,2.176504982886698,False,0.0
SeasonalNaive (library),FOODS_3_593_WI_1,0.8372014130681893,0.8372014130681893,False,0.0
SeasonalNaive (library),FOODS_3_609_CA_3,1.249926680538052,1.249926680538052,False,0.0
SeasonalNaive (library),FOODS_3_612_CA_1,1.2336262229054007,1.2336262229054007,False,0.0
SeasonalNaive (library),FOODS_3_622_WI_2,1.3994384875348171,1.3994384875348171,False,0.0
SeasonalNaive (library),FOODS_3_631_TX_3,0.8428768253896604,0.8428768253896604,False,0.0
SeasonalNaive (library),FOODS_3_635_WI_3,1.0197511915269593,1.0197511915269593,False,0.0
SeasonalNaive (library),FOODS_3_665_CA_1,0.7945683505761788,0.7945683505761788,False,0.0
SeasonalNaive (library),FOODS_3_675_WI_2,1.4259962107319906,1.4259962107319906,False,0.0
SeasonalNaive (library),FOODS_3_678_CA_1,0.6873749149624085,0.6873749149624085,False,0.0
SeasonalNaive (library),FOODS_3_681_CA_4,1.3919073745900747,1.3919073745900747,False,0.0
SeasonalNaive (library),FOODS_3_684_WI_2,1.0989794659097636,1.0989794659097636,False,0.0
SeasonalNaive (library),FOODS_3_686_WI_2,1.1081739247493831,1.1081739247493831,False,0.0
SeasonalNaive (library),FOODS_3_709_CA_3,1.1943238335526656,1.1943238335526656,False,0.0
SeasonalNaive (library),FOODS_3_717_CA_1,1.098337534408787,1.098337534408787,False,0.0
SeasonalNaive (library),FOODS_3_731_WI_3,1.36799205498693,1.36799205498693,False,0.0
SeasonalNaive (library),FOODS_3_742_TX_2,1.5142096411750017,1.5142096411750017,False,0.0
SeasonalNaive (library),FOODS_3_744_CA_4,0.7837158581303644,0.7837158581303644,False,0.0
SeasonalNaive (library),FOODS_3_752_TX_2,1.0439632127330947,1.0439632127330947,False,0.0
SeasonalNaive (library),FOODS_3_766_TX_1,0.8365405151002924,0.8365405151002924,False,0.0
SeasonalNaive (library),FOODS_3_779_WI_2,1.5127349955957201,1.5127349955957201,False,0.0
SeasonalNaive (library),FOODS_3_795_CA_4,1.1583239479958662,1.1583239479958662,False,0.0
SeasonalNaive (library),FOODS_3_802_TX_3,1.0493458646884246,1.0493458646884246,False,0.0
SeasonalNaive (library),FOODS_3_803_CA_3,0.8517563304953832,0.8517563304953832,False,0.0
SeasonalNaive (library),FOODS_3_820_CA_1,1.0441124956240388,1.0441124956240388,False,0.0
SeasonalNaive (library),HOBBIES_1_003_WI_2,1.7027668023073133,1.7027668023073133,False,0.0
SeasonalNaive (library),HOBBIES_1_018_CA_1,0.9103176354389946,0.9103176354389946,False,0.0
SeasonalNaive (library),HOBBIES_1_018_TX_3,1.9003781195124319,1.9003781195124319,False,0.0
SeasonalNaive (library),HOBBIES_1_033_TX_3,1.2491418835706787,1.2491418835706787,False,0.0
SeasonalNaive (library),HOBBIES_1_044_CA_4,0.8459312973584081,0.8459312973584081,False,0.0
SeasonalNaive (library),HOBBIES_1_062_TX_2,1.214349031914135,1.214349031914135,False,0.0
SeasonalNaive (library),HOBBIES_1_076_CA_3,1.998728238708769,1.998728238708769,False,0.0
SeasonalNaive (library),HOBBIES_1_077_CA_1,2.80013272939927,2.80013272939927,False,0.0
SeasonalNaive (library),HOBBIES_1_085_TX_1,1.096764071103889,1.096764071103889,False,0.0
SeasonalNaive (library),HOBBIES_1_102_WI_1,1.1351594907236313,1.1351594907236313,False,0.0
SeasonalNaive (library),HOBBIES_1_112_CA_1,9.273809523809524,9.273809523809524,False,0.0
SeasonalNaive (library),HOBBIES_1_112_CA_4,15.932589285714286,15.932589285714286,False,0.0
SeasonalNaive (library),HOBBIES_1_124_WI_3,0.9547821449712431,0.9547821449712431,False,0.0
SeasonalNaive (library),HOBBIES_1_130_CA_4,1.608176965237747,1.608176965237747,False,0.0
SeasonalNaive (library),HOBBIES_1_148_CA_4,0.8387487882791264,0.8387487882791264,False,0.0
SeasonalNaive (library),HOBBIES_1_157_CA_4,0.7986525134559983,0.7986525134559983,False,0.0
SeasonalNaive (library),HOBBIES_1_173_CA_3,0.8605150997062162,0.8605150997062162,False,0.0
SeasonalNaive (library),HOBBIES_1_184_TX_1,1.2707763601130107,1.2707763601130107,False,0.0
SeasonalNaive (library),HOBBIES_1_192_CA_2,2.422352514588151,2.422352514588151,False,0.0
SeasonalNaive (library),HOBBIES_1_230_TX_2,1.3145377942843806,1.3145377942843806,False,0.0
SeasonalNaive (library),HOBBIES_1_240_TX_2,1.5968757576114876,1.5968757576114876,False,0.0
SeasonalNaive (library),HOBBIES_1_244_CA_3,0.8075765186180079,0.8075765186180079,False,0.0
SeasonalNaive (library),HOBBIES_1_268_TX_1,1.1383874004391168,1.1383874004391168,False,0.0
SeasonalNaive (library),HOBBIES_1_271_TX_1,1.2546597739658645,1.2546597739658645,False,0.0
SeasonalNaive (library),HOBBIES_1_278_TX_2,1.1865264116282859,1.1865264116282859,False,0.0
SeasonalNaive (library),HOBBIES_1_279_TX_1,1.5177325516290159,1.5177325516290159,False,0.0
SeasonalNaive (library),HOBBIES_1_297_CA_1,1.3871739399861744,1.3871739399861744,False,0.0
SeasonalNaive (library),HOBBIES_1_299_TX_3,1.1449239896560843,1.1449239896560843,False,0.0
SeasonalNaive (library),HOBBIES_1_306_CA_2,1.0858956106959226,1.0858956106959226,False,0.0
SeasonalNaive (library),HOBBIES_1_307_WI_2,1.1471539794130654,1.1471539794130654,False,0.0
SeasonalNaive (library),HOBBIES_1_308_WI_3,1.0130969640761327,1.0130969640761327,False,0.0
SeasonalNaive (library),HOBBIES_1_317_TX_1,1.1105414037408396,1.1105414037408396,False,0.0
SeasonalNaive (library),HOBBIES_1_320_CA_2,1.1845626057517586,1.1845626057517586,False,0.0
SeasonalNaive (library),HOBBIES_1_324_CA_1,1.4640093442361788,1.4640093442361788,False,0.0
SeasonalNaive (library),HOBBIES_1_335_TX_3,38.504464285714285,38.504464285714285,False,0.0
SeasonalNaive (library),HOBBIES_1_340_WI_1,1.1300562454196017,1.1300562454196017,False,0.0
SeasonalNaive (library),HOBBIES_1_341_WI_3,0.9119652937997791,0.9119652937997791,False,0.0
SeasonalNaive (library),HOBBIES_1_342_TX_3,1.08397425715741,1.08397425715741,False,0.0
SeasonalNaive (library),HOBBIES_1_343_TX_2,1.1633471521407601,1.1633471521407601,False,0.0
SeasonalNaive (library),HOBBIES_1_345_WI_1,1.0443373615035842,1.0443373615035842,False,0.0
SeasonalNaive (library),HOBBIES_1_346_TX_2,1.1507442426100525,1.1507442426100525,False,0.0
SeasonalNaive (library),HOBBIES_1_355_TX_1,2.5843932798898517,2.5843932798898517,False,0.0
SeasonalNaive (library),HOBBIES_1_369_CA_1,1.0404393066367692,1.0404393066367692,False,0.0
SeasonalNaive (library),HOBBIES_1_371_TX_3,0.6552286046361631,0.6552286046361631,False,0.0
SeasonalNaive (library),HOBBIES_1_373_WI_1,0.9016229889029954,0.9016229889029954,False,0.0
SeasonalNaive (library),HOBBIES_1_375_TX_1,2.232178580214987,2.232178580214987,False,0.0
SeasonalNaive (library),HOBBIES_1_393_TX_1,0.8828405831219025,0.8828405831219025,False,0.0
SeasonalNaive (library),HOBBIES_1_398_WI_1,1.3289470091160034,1.3289470091160034,False,0.0
SeasonalNaive (library),HOBBIES_1_413_TX_3,1.6953537856709213,1.6953537856709213,False,0.0
SeasonalNaive (library),HOBBIES_1_417_WI_2,1.3596495991422417,1.3596495991422417,False,0.0
SeasonalNaive (library),HOBBIES_1_421_WI_3,1.7754341919702934,1.7754341919702934,False,0.0
SeasonalNaive (library),HOBBIES_2_001_TX_1,0.8464966035320918,0.8464966035320918,False,0.0
SeasonalNaive (library),HOBBIES_2_003_CA_4,0.9680456936673592,0.9680456936673592,False,0.0
SeasonalNaive (library),HOBBIES_2_033_CA_1,1.549983375857891,1.549983375857891,False,0.0
SeasonalNaive (library),HOBBIES_2_044_TX_2,1.0995877634406797,1.0995877634406797,False,0.0
SeasonalNaive (library),HOBBIES_2_044_WI_2,0.6540056120922759,0.6540056120922759,False,0.0
SeasonalNaive (library),HOBBIES_2_045_CA_3,1.1178549013991357,1.1178549013991357,False,0.0
SeasonalNaive (library),HOBBIES_2_060_TX_3,0.5034457350673434,0.5034457350673434,False,0.0
SeasonalNaive (library),HOBBIES_2_068_CA_3,1.1170422846943366,1.1170422846943366,False,0.0
SeasonalNaive (library),HOBBIES_2_071_TX_2,1.2778539998587948,1.2778539998587948,False,0.0
SeasonalNaive (library),HOBBIES_2_080_TX_1,0.5423422784639959,0.5423422784639959,False,0.0
SeasonalNaive (library),HOBBIES_2_081_TX_2,1.0545577867078961,1.0545577867078961,False,0.0
SeasonalNaive (library),HOBBIES_2_096_WI_2,0.8053480168504726,0.8053480168504726,False,0.0
SeasonalNaive (library),HOBBIES_2_098_TX_3,1.674494423824373,1.674494423824373,False,0.0
SeasonalNaive (library),HOBBIES_2_112_WI_3,1.519452605690073,1.519452605690073,False,0.0
SeasonalNaive (library),HOBBIES_2_116_TX_1,1.628599572005838,1.628599572005838,False,0.0
SeasonalNaive (library),HOBBIES_2_148_WI_2,0.4883599694025641,0.4883599694025641,False,0.0
SeasonalNaive (library),HOUSEHOLD_1_023_WI_1,1.0346928609763553,1.0346928609763553,False,0.0
SeasonalNaive (library),HOUSEHOLD_1_024_TX_1,0.8489096529506406,0.8489096529506406,False,0.0
SeasonalNaive (library),HOUSEHOLD_1_078_WI_2,1.1843977495315212,1.1843977495315212,False,0.0
SeasonalNaive (library),HOUSEHOLD_1_088_CA_3,1.2551170001755145,1.2551170001755145,False,0.0
SeasonalNaive (library),HOUSEHOLD_1_093_WI_2,1.0378392685643085,1.0378392685643085,False,0.0
SeasonalNaive (library),HOUSEHOLD_1_115_WI_1,1.0312088376598953,1.0312088376598953,False,0.0
SeasonalNaive (library),HOUSEHOLD_1_122_CA_3,1.087519447018792,1.087519447018792,False,0.0
SeasonalNaive (library),HOUSEHOLD_1_130_CA_3,1.0721711085027053,1.0721711085027053,False,0.0
SeasonalNaive (library),HOUSEHOLD_1_140_TX_1,1.4431196227048049,1.4431196227048049,False,0.0
SeasonalNaive (library),HOUSEHOLD_1_147_CA_1,1.1516735668516604,1.1516735668516604,False,0.0
SeasonalNaive (library),HOUSEHOLD_1_157_CA_4,1.1744505816508388,1.1744505816508388,False,0.0
SeasonalNaive (library),HOUSEHOLD_1_162_WI_1,0.5969313216542176,0.5969313216542176,False,0.0
SeasonalNaive (library),HOUSEHOLD_1_165_WI_3,0.6096485075525331,0.6096485075525331,False,0.0
SeasonalNaive (library),HOUSEHOLD_1_166_WI_1,1.0876121020033231,1.0876121020033231,False,0.0
SeasonalNaive (library),HOUSEHOLD_1_170_CA_4,0.9507294256920724,0.9507294256920724,False,0.0
SeasonalNaive (library),HOUSEHOLD_1_177_TX_2,0.9263089193697007,0.9263089193697007,False,0.0
SeasonalNaive (library),HOUSEHOLD_1_195_CA_2,0.9723311445203004,0.9723311445203004,False,0.0
SeasonalNaive (library),HOUSEHOLD_1_198_CA_1,0.8158841054570883,0.8158841054570883,False,0.0
SeasonalNaive (library),HOUSEHOLD_1_198_WI_1,1.1996079598974962,1.1996079598974962,False,0.0
SeasonalNaive (library),HOUSEHOLD_1_204_CA_2,0.9612827631710311,0.9612827631710311,False,0.0
SeasonalNaive (library),HOUSEHOLD_1_204_TX_3,0.5613175240483406,0.5613175240483406,False,0.0
SeasonalNaive (library),HOUSEHOLD_1_215_TX_3,0.9404820317773199,0.9404820317773199,False,0.0
SeasonalNaive (library),HOUSEHOLD_1_239_CA_3,1.2038898798527558,1.2038898798527558,False,0.0
SeasonalNaive (library),HOUSEHOLD_1_262_TX_1,1.1656259327840521,1.1656259327840521,False,0.0
SeasonalNaive (library),HOUSEHOLD_1_278_TX_2,0.7150253409251681,0.7150253409251681,False,0.0
SeasonalNaive (library),HOUSEHOLD_1_295_CA_3,0.9506467340315168,0.9506467340315168,False,0.0
SeasonalNaive (library),HOUSEHOLD_1_312_WI_3,0.6857054525450477,0.6857054525450477,False,0.0
SeasonalNaive (library),HOUSEHOLD_1_320_CA_4,1.4078669626612172,1.4078669626612172,False,0.0
SeasonalNaive (library),HOUSEHOLD_1_323_CA_2,0.9441404346531237,0.9441404346531237,False,0.0
SeasonalNaive (library),HOUSEHOLD_1_323_TX_1,1.1773868578998226,1.1773868578998226,False,0.0
SeasonalNaive (library),HOUSEHOLD_1_324_CA_4,1.0710037724054677,1.0710037724054677,False,0.0
SeasonalNaive (library),HOUSEHOLD_1_325_CA_1,0.7393887714704658,0.7393887714704658,False,0.0
SeasonalNaive (library),HOUSEHOLD_1_342_WI_2,0.8103338755551939,0.8103338755551939,False,0.0
SeasonalNaive (library),HOUSEHOLD_1_357_CA_1,1.3214536072493939,1.3214536072493939,False,0.0
SeasonalNaive (library),HOUSEHOLD_1_360_WI_2,1.2534064394917872,1.2534064394917872,False,0.0
SeasonalNaive (library),HOUSEHOLD_1_375_CA_2,0.935506342519207,0.935506342519207,False,0.0
SeasonalNaive (library),HOUSEHOLD_1_379_CA_3,1.495889513439765,1.495889513439765,False,0.0
SeasonalNaive (library),HOUSEHOLD_1_384_CA_4,1.3191798095672218,1.3191798095672218,False,0.0
SeasonalNaive (library),HOUSEHOLD_1_387_CA_2,0.9995937183275139,0.9995937183275139,False,0.0
SeasonalNaive (library),HOUSEHOLD_1_387_WI_3,0.9216893276757678,0.9216893276757678,False,0.0
SeasonalNaive (library),HOUSEHOLD_1_414_CA_2,1.5956826987289323,1.5956826987289323,False,0.0
SeasonalNaive (library),HOUSEHOLD_1_422_TX_3,1.3092475519509206,1.3092475519509206,False,0.0
SeasonalNaive (library),HOUSEHOLD_1_425_WI_2,1.0596177397617295,1.0596177397617295,False,0.0
SeasonalNaive (library),HOUSEHOLD_1_434_WI_1,1.0253640903125922,1.0253640903125922,False,0.0
SeasonalNaive (library),HOUSEHOLD_1_454_CA_1,1.1435237059260959,1.1435237059260959,False,0.0
SeasonalNaive (library),HOUSEHOLD_1_465_CA_2,1.0669110188886757,1.0669110188886757,False,0.0
SeasonalNaive (library),HOUSEHOLD_1_466_TX_1,0.5999553454412628,0.5999553454412628,False,0.0
SeasonalNaive (library),HOUSEHOLD_1_468_CA_2,1.0431591917356078,1.0431591917356078,False,0.0
SeasonalNaive (library),HOUSEHOLD_1_503_CA_2,0.9268699817864207,0.9268699817864207,False,0.0
SeasonalNaive (library),HOUSEHOLD_1_510_TX_2,0.8672041199659589,0.8672041199659589,False,0.0
SeasonalNaive (library),HOUSEHOLD_1_537_TX_2,0.8357743014677987,0.8357743014677987,False,0.0
SeasonalNaive (library),HOUSEHOLD_2_014_WI_3,1.0162146775856657,1.0162146775856657,False,0.0
SeasonalNaive (library),HOUSEHOLD_2_020_CA_4,1.2910088314104244,1.2910088314104244,False,0.0
SeasonalNaive (library),HOUSEHOLD_2_029_TX_1,1.162508413972711,1.162508413972711,False,0.0
SeasonalNaive (library),HOUSEHOLD_2_041_TX_2,0.7024848842919823,0.7024848842919823,False,0.0
SeasonalNaive (library),HOUSEHOLD_2_047_CA_1,1.4737965033787037,1.4737965033787037,False,0.0
SeasonalNaive (library),HOUSEHOLD_2_054_CA_4,0.7311473672042976,0.7311473672042976,False,0.0
SeasonalNaive (library),HOUSEHOLD_2_055_TX_1,0.739135559034087,0.739135559034087,False,0.0
SeasonalNaive (library),HOUSEHOLD_2_058_TX_2,1.6520049922328293,1.6520049922328293,False,0.0
SeasonalNaive (library),HOUSEHOLD_2_060_CA_4,1.0014823843462823,1.0014823843462823,False,0.0
SeasonalNaive (library),HOUSEHOLD_2_070_CA_3,0.4775699067489436,0.4775699067489436,False,0.0
SeasonalNaive (library),HOUSEHOLD_2_075_WI_3,0.7381011912531052,0.7381011912531052,False,0.0
SeasonalNaive (library),HOUSEHOLD_2_076_CA_3,1.336247345263478,1.336247345263478,False,0.0
SeasonalNaive (library),HOUSEHOLD_2_076_WI_3,1.7365983392809572,1.7365983392809572,False,0.0
SeasonalNaive (library),HOUSEHOLD_2_105_WI_1,0.6444457319243723,0.6444457319243723,False,0.0
SeasonalNaive (library),HOUSEHOLD_2_108_TX_1,0.13856456043956045,0.13856456043956045,False,0.0
SeasonalNaive (library),HOUSEHOLD_2_116_CA_2,1.710491757206281,1.710491757206281,False,0.0
SeasonalNaive (library),HOUSEHOLD_2_123_TX_1,3.183157136673551,3.183157136673551,False,0.0
SeasonalNaive (library),HOUSEHOLD_2_131_WI_2,0.6373248484176279,0.6373248484176279,False,0.0
SeasonalNaive (library),HOUSEHOLD_2_148_CA_2,1.0005110728216307,1.0005110728216307,False,0.0
SeasonalNaive (library),HOUSEHOLD_2_155_CA_1,1.8365560360530706,1.8365560360530706,False,0.0
SeasonalNaive (library),HOUSEHOLD_2_213_WI_1,0.8283762003364894,0.8283762003364894,False,0.0
SeasonalNaive (library),HOUSEHOLD_2_230_WI_3,0.32098237879154723,0.32098237879154723,False,0.0
SeasonalNaive (library),HOUSEHOLD_2_236_TX_2,0.9474563464476558,0.9474563464476558,False,0.0
SeasonalNaive (library),HOUSEHOLD_2_263_TX_2,1.2796079617770832,1.2796079617770832,False,0.0
SeasonalNaive (library),HOUSEHOLD_2_269_TX_3,0.3960814660787517,0.3960814660787517,False,0.0
SeasonalNaive (library),HOUSEHOLD_2_271_TX_3,1.5347216334218432,1.5347216334218432,False,0.0
SeasonalNaive (library),HOUSEHOLD_2_276_WI_3,0.7670854491584608,0.7670854491584608,False,0.0
SeasonalNaive (library),HOUSEHOLD_2_287_CA_3,0.8076517057183054,0.8076517057183054,False,0.0
SeasonalNaive (library),HOUSEHOLD_2_309_CA_1,0.730543437421725,0.730543437421725,False,0.0
SeasonalNaive (library),HOUSEHOLD_2_325_WI_3,0.6357313205812962,0.6357313205812962,False,0.0
SeasonalNaive (library),HOUSEHOLD_2_347_WI_2,0.5684830980724234,0.5684830980724234,False,0.0
SeasonalNaive (library),HOUSEHOLD_2_349_TX_2,1.2464763405259667,1.2464763405259667,False,0.0
SeasonalNaive (library),HOUSEHOLD_2_361_CA_1,0.6431350442511765,0.6431350442511765,False,0.0
SeasonalNaive (library),HOUSEHOLD_2_374_CA_4,0.5420233353971826,0.5420233353971826,False,0.0
SeasonalNaive (library),HOUSEHOLD_2_391_TX_3,1.1306713479634372,1.1306713479634372,False,0.0
SeasonalNaive (library),HOUSEHOLD_2_406_TX_3,1.0974530268989156,1.0974530268989156,False,0.0
SeasonalNaive (library),HOUSEHOLD_2_414_WI_1,0.4881672355659999,0.4881672355659999,False,0.0
SeasonalNaive (library),HOUSEHOLD_2_416_WI_2,1.4273051637088348,1.4273051637088348,False,0.0
SeasonalNaive (library),HOUSEHOLD_2_417_CA_1,0.4631341931858523,0.4631341931858523,False,0.0
SeasonalNaive (library),HOUSEHOLD_2_421_WI_1,0.753259157392115,0.753259157392115,False,0.0
SeasonalNaive (library),HOUSEHOLD_2_425_CA_2,1.2535996302277201,1.2535996302277201,False,0.0
SeasonalNaive (library),HOUSEHOLD_2_428_WI_2,2.0638947790110582,2.0638947790110582,False,0.0
SeasonalNaive (library),HOUSEHOLD_2_433_WI_2,1.4329689588319936,1.4329689588319936,False,0.0
SeasonalNaive (library),HOUSEHOLD_2_464_CA_2,0.9863451877822447,0.9863451877822447,False,0.0
SeasonalNaive (library),HOUSEHOLD_2_466_WI_2,1.5571849980662815,1.5571849980662815,False,0.0
SeasonalNaive (library),HOUSEHOLD_2_467_TX_1,1.0790627777740114,1.0790627777740114,False,0.0
SeasonalNaive (library),HOUSEHOLD_2_471_WI_1,1.6543033439963977,1.6543033439963977,False,0.0
SeasonalNaive (library),HOUSEHOLD_2_472_TX_1,1.0104267113227998,1.0104267113227998,False,0.0
SeasonalNaive (library),HOUSEHOLD_2_474_TX_2,0.5747030498245809,0.5747030498245809,False,0.0
SeasonalNaive (library),HOUSEHOLD_2_485_TX_1,0.999923975576985,0.999923975576985,False,0.0
SeasonalNaive (library),HOUSEHOLD_2_485_TX_2,0.9184232464984197,0.9184232464984197,False,0.0
SeasonalNaive (library),HOUSEHOLD_2_489_CA_2,1.056492841798884,1.056492841798884,False,0.0
SeasonalNaive (library),HOUSEHOLD_2_508_CA_2,1.3302226607419252,1.3302226607419252,False,0.0
